IntenSample	ID	Sample	ProcessDate	AcqType	ProcessInst	FileName	RunDate	MSUsed	Operator	MSMethod	FriendSample	Cell	Mortality
101	101	IIICF E6E7/C4	13/2/17	SWATH	ProCan 5	 Cell_Study_Sample_101					IIICF_E6E7_C4_post	IIICF	Immortal
102	102	IIICF-T/B1	13/2/17	SWATH	ProCan 5	 Cell_Study_Sample_102					IIICF_T_B1	IIICF	Immortal
104	104	JFCF-6/T.1/R	13/2/17	SWATH	ProCan 5	 Cell_Study_Sample_104					JFCF_6_T_1_R	JFCF	Immortal
105	105	IIICF/c	13/2/17	SWATH	ProCan 5	 Cell_Study_Sample_105					IIICF_c	IIICF	Immortal
106	106	JFCF-6/T.5K	13/2/17	SWATH	ProCan 5	 Cell_Study_Sample_106					JFCF_6_T_5K	JFCF	Immortal
107	107	JFCF-6/T.1J/11E	13/2/17	SWATH	ProCan 5	 Cell_Study_Sample_107					JFCF_6_T_1J_11E	JFCF	Immortal
109	109	MeT-4A	13/2/17	SWATH	ProCan 5	 Cell_Study_Sample_109					MeT_4A_post	MeT	Immortal
11	11	JFCF-6/T.1/R	19/1/17	SWATH	ProCan 2	 SWATH_Sample_11	14/12/16	ProCan 2	SM	90 Min IDA_06	JFCF_6_T_1_R	JFCF	Immortal
110	110	IIICF/a2	14/2/17	SWATH	ProCan 5	 Cell_Study_Sample_110					IIICF_a2	IIICF	Immortal
111	111	IIICF-T/B3	14/2/17	SWATH	ProCan 5	 Cell_Study_Sample_111					IIICF_T_B3	IIICF	Immortal
112	112	JFCF-6/T.1/C	14/2/17	SWATH	ProCan 5	 Cell_Study_Sample_112					JFCF_6_T_1_C	JFCF	Immortal
113	113	JFCF-6/T.1/D	14/2/17	SWATH	ProCan 5	 Cell_Study_Sample_113					JFCF_6_T_1_D	JFCF	Immortal
114	114	JFCF-6/T.1/G	14/2/17	SWATH	ProCan 5	 Cell_Study_Sample_114					JFCF_6_T_1_G	JFCF	Immortal
115	115	JFCF-6/T.1/H	14/2/17	SWATH	ProCan 5	 Cell_Study_Sample_115					JFCF_6_T_1_H	JFCF	Immortal
116	116	JFCF-6/T.1/L	14/2/17	SWATH	ProCan 5	 Cell_Study_Sample_116					JFCF_6_T_1_L	JFCF	Immortal
117	117	JFCF-6/T.1/M	14/2/17	SWATH	ProCan 5	 Cell_Study_Sample_117					JFCF_6_T_1_M	JFCF	Immortal
118	118	JFCF-6/T.1/P	14/2/17	SWATH	ProCan 5	 Cell_Study_Sample_118					JFCF_6_T_1_P_TEL	JFCF	Immortal
119	119	JFCF-6/T.1/P-EV	14/2/17	SWATH	ProCan 5	 Cell_Study_Sample_119					JFCF_6_T_1_P_EV	JFCF	Immortal
12	12	JFCF-6/T.1J/11C	19/1/17	SWATH	ProCan 2	 SWATH_Sample_12	14/12/16	ProCan 2	SM	90 Min IDA_06	JFCF_6_T_1J_11C	JFCF	Immortal
120	120	JFCF-6/T.1/Q	14/2/17	SWATH	ProCan 5	 Cell_Study_Sample_120					JFCF_6_T_1_Q	JFCF	Immortal
121	121	JFCF-6/T.1J/11C	14/2/17	SWATH	ProCan 5	 Cell_Study_Sample_121					JFCF_6_T_1J_11C	JFCF	Immortal
123	123	JFCF-6/T.1/F	14/2/17	SWATH	ProCan 5	 Cell_Study_Sample_123					JFCF_6_T_1_F	JFCF	Immortal
126	126	JFCF-6/T.1J/6G	15/2/17	SWATH	ProCan 5	 Cell_study_Sample_126					JFCF_6_T_1J_6G	JFCF	Immortal
127	127	JFCF-6/T.1/P (ALT)	15/2/17	SWATH	ProCan 5	 Cell_study_Sample_127					JFCF_6_T_1_P_ALT	JFCF	Immortal
131	131	JFCF-6/T.1J/1.3C	15/2/17	SWATH	ProCan 5	 Cell_study_Sample_131					JFCF_6_T_1J_1_3C	JFCF	Immortal
132	132	JFCF-6/T.2H	15/2/17	SWATH	ProCan 5	 Cell_study_Sample_132					JFCF_6_T_2H	JFCF	Immortal
133	133	JFCF-6/T.1J/1D	15/2/17	SWATH	ProCan 5	 Cell_study_Sample_133	20/2/17	ProCan 5			JFCF_6_T_1J_1D	JFCF	Immortal
134	134	JFCF-6/T.1J/9E	15/2/17	SWATH	ProCan 5	 Cell_study_Sample_134	20/2/17	ProCan 5			JFCF_6_T_1J_9E	JFCF	Immortal
139	139	JFCF-6/T.1/P-sc2	15/2/17	SWATH	ProCan 5	 Cell_study_Sample_139	20/2/17	ProCan 5			JFCF_6_P_pLKO_5	JFCF	Immortal
140	140	JFCF-6/T.1J/5H	15/2/17	SWATH	ProCan 5	 Cell_study_Sample_140	20/2/17	ProCan 5			JFCF_6_T_1J_5H	JFCF	Immortal
141	141	JFCF-6/T.1J/6B	15/2/17	SWATH	ProCan 5	 Cell_study_Sample_141	20/2/17	ProCan 5			JFCF_6_T_1J_6B	JFCF	Immortal
142	142	JFCF-6/T.1J/4D	15/2/17	SWATH	ProCan 5	 Cell_study_Sample_142	20/2/17	ProCan 5			JFCF_6_T_1J_4D	JFCF	Immortal
144	144	JFCF-6/T.1J/4F	15/2/17	SWATH	ProCan 5	 Cell_study_Sample_144	20/2/17	ProCan 5			JFCF_6_T_1J_4F	JFCF	Immortal
146	146	JFCF-6/T.1J/1-4D	15/2/17	SWATH	ProCan 5	 Cell_study_Sample_146					JFCF_6_T_1J_1_4D	JFCF	Immortal
147	147	JFCF-6/T.1J/1C	15/2/17	SWATH	ProCan 5	 Cell_study_Sample_147					JFCF_6_T_1J_1C	JFCF	Immortal
148	148	GM847DM	17/2/17	SWATH	ProCan 5	 Cell_Study_Sample_148					GM847	GM847	Immortal
149	149	IVG-BF/LXSN post	17/2/17	SWATH	ProCan 5	 Cell_Study_Sample_149					IVG_BF_LXSN_post	IVG	Immortal
15	15	IIICF/c	19/1/17	SWATH	ProCan 2	 SWATH_Sample_15	28/12/16	ProCan 2	SM	90 Min IDA_06	IIICF_c	IIICF	Immortal
152	152	IIICF E6E7/C4	17/2/17	SWATH	ProCan 5	 Cell_Study_Sample_152					IIICF_E6E7_C4_post	IIICF	Immortal
153	153	IIICF-T/B1	17/2/17	SWATH	ProCan 5	 Cell_Study_Sample_153					IIICF_T_B1	IIICF	Immortal
155	155	JFCF-6/T.1/R	17/2/17	SWATH	ProCan 5	 Cell_Study_Sample_155					JFCF_6_T_1_R	JFCF	Immortal
156	156	WI-38 VA13/2RA	17/2/17	SWATH	ProCan 5	 Cell_Study_Sample_156					VA13	VA13	Immortal
157	157	LFS-05F-24 post	17/2/17	SWATH	ProCan 5	 Cell_Study_Sample_157					LFS_05F_24_post	LFS	Immortal
158	158	IIICF/c	17/2/17	SWATH	ProCan 5	 Cell_Study_Sample_158					IIICF_c	IIICF	Immortal
159	159	JFCF-6/T.5K	17/2/17	SWATH	ProCan 5	 Cell_Study_Sample_159					JFCF_6_T_5K	JFCF	Immortal
16	16	JFCF-6/T.5K	19/1/17	SWATH	ProCan 2	 SWATH_Sample_16	28/12/16	ProCan 2	SM	90 Min IDA_06	JFCF_6_T_5K	JFCF	Immortal
160	160	IIICF-T/A6	17/2/17	SWATH	ProCan 5	 Cell_Study_Sample_160					IIICF_T_A6	IIICF	Immortal
161	161	JFCF-6/T.1J/12E	17/2/17	SWATH	ProCan 5	 Cell_Study_Sample_161					JFCF_6_T_1J_12E	JFCF	Immortal
162	162	JFCF-6/T.1J/11E	17/2/17	SWATH	ProCan 5	 Cell_Study_Sample_162					JFCF_6_T_1J_11E	JFCF	Immortal
164	164	MeT-4A	17/2/17	SWATH	ProCan 5	 Cell_Study_Sample_164					MeT_4A_post	MeT	Immortal
165	165	IIICF/a2	17/2/17	SWATH	ProCan 5	 Cell_Study_Sample_165					IIICF_a2	IIICF	Immortal
166	166	IIICF-T/B3	17/2/17	SWATH	ProCan 5	 Cell_Study_Sample_166					IIICF_T_B3	IIICF	Immortal
167	167	JFCF-6/T.1/C	17/2/17	SWATH	ProCan 5	 Cell_Study_Sample_167					JFCF_6_T_1_C	JFCF	Immortal
168	168	JFCF-6/T.1/D	17/2/17	SWATH	ProCan 5	 Cell_Study_Sample_168	21/2/17	ProCan 5			JFCF_6_T_1_D	JFCF	Immortal
169	169	JFCF-6/T.1/G	17/2/17	SWATH	ProCan 5	 Cell_Study_Sample_169	21/2/17	ProCan 5			JFCF_6_T_1_G	JFCF	Immortal
170	170	JFCF-6/T.1/H	22/2/17	SWATH	ProCan 5	 Cell_Study_Sample_170	21/2/17	ProCan 5			JFCF_6_T_1_H	JFCF	Immortal
171	171	JFCF-6/T.1/L	22/2/17	SWATH	ProCan 5	 Cell_Study_Sample_171	21/2/17	ProCan 5			JFCF_6_T_1_L	JFCF	Immortal
172	172	JFCF-6/T.1/M	22/2/17	SWATH	ProCan 5	 Cell_Study_Sample_172	21/2/17	ProCan 5			JFCF_6_T_1_M	JFCF	Immortal
173	173	JFCF-6/T.1/P	22/2/17	SWATH	ProCan 5	 Cell_Study_Sample_173	21/2/17	ProCan 5			JFCF_6_T_1_P_TEL	JFCF	Immortal
174	174	JFCF-6/T.1/P-EV	22/2/17	SWATH	ProCan 5	 Cell_Study_Sample_174	21/2/17	ProCan 5			JFCF_6_T_1_P_EV	JFCF	Immortal
175	175	JFCF-6/T.1/Q	22/2/17	SWATH	ProCan 5	 Cell_Study_Sample_175	21/2/17	ProCan 5			JFCF_6_T_1_Q	JFCF	Immortal
176	176	JFCF-6/T.1J/11C	22/2/17	SWATH	ProCan 5	 Cell_Study_Sample_176					JFCF_6_T_1J_11C	JFCF	Immortal
19	19	JFCF-6/T.1J/11E	19/1/17	SWATH	ProCan 2	 SWATH_Sample_19	6/1/17	ProCan 2	SM	90 Min IDA_06	JFCF_6_T_1J_11E	JFCF	Immortal
2	2	JFCF-6/T.1J/1-4D	19/1/17	SWATH	ProCan 2	 SWATH_Sample_02	8/12/16	ProCan 2	SM	90 Min IDA_06	JFCF_6_T_1J_1_4D	JFCF	Immortal
21	21	MeT-4A	19/1/17	SWATH	ProCan 2	 SWATH_Sample_21	6/1/17	ProCan 2	SM	90 Min IDA_06	MeT_4A_post	MeT	Immortal
22	22	IIICF/a2	19/1/17	SWATH	ProCan 2	 SWATH_Sample_22	6/1/17	ProCan 2	SM	90 Min IDA_06	IIICF_a2	IIICF	Immortal
23	23	IIICF-T/B3	19/1/17	SWATH	ProCan 2	 SWATH_Sample_23	6/1/17	ProCan 2	SM	90 Min IDA_06	IIICF_T_B3	IIICF	Immortal
25	25	JFCF-6/T.1/F	19/1/17	SWATH	ProCan 2	 SWATH_Sample_25	6/1/17	ProCan 2	SM	90 Min IDA_06	JFCF_6_T_1_F	JFCF	Immortal
258	258	JFCF-6/SUPT.1L_A	17/12/17	SWATH	ProCan 5	171217_SM_PC5_S_Cell_Study_Sample_258					JFCF_6_SUPT_1L	JFCF	Immortal
275	275	JFCF-6/SUPT.1I_A	31/12/17	SWATH	ProCan 5	171231_SM_PC5_S_Cell_Study_Sample_275					JFCF_6_SUPT_1I	JFCF	Immortal
276	276	JFCF-6/SUPT.1G_A	31/12/17	SWATH	ProCan 5	171231_SM_PC5_S_Cell_Study_Sample_276					JFCF_6_SUPT_1G	JFCF	Immortal
28	28	JFCF-6/T.1J/6G	19/1/17	SWATH	ProCan 2	 SWATH_Sample_28	6/1/17	ProCan 2	SM	90 Min IDA_06	JFCF_6_T_1J_6G	JFCF	Immortal
285	285	JFCF-6/SUPT.1L_B	1/1/18	SWATH	ProCan 5	180101_SM_PC5_S_Cell_Study_Sample_285					JFCF_6_SUPT_1L	JFCF	Immortal
29	29	JFCF-6/T.1/P (ALT)	19/1/17	SWATH	ProCan 2	 SWATH_Sample_29	6/1/17	ProCan 2	SM	90 Min IDA_06	JFCF_6_T_1_P_ALT	JFCF	Immortal
3	3	JFCF-6/T.1J/1C	19/1/17	SWATH	ProCan 2	 SWATH_Sample_03	8/12/16	ProCan 2	SM	90 Min IDA_06	JFCF_6_T_1J_1C	JFCF	Immortal
302	302	JFCF-6/SUPT.1I_B	5/1/18	SWATH	ProCan 5	180105_SM_PC5_S_Cell_Study_Sample_302					JFCF_6_SUPT_1I	JFCF	Immortal
303	303	JFCF-6/SUPT.1G_B	10/1/18	SWATH	ProCan 5	180110_SM_PC5_S_Cell_Study_Sample_repeat_303					JFCF_6_SUPT_1G	JFCF	Immortal
312	312	JFCF-6/SUPT.1L_C	5/1/18	SWATH	ProCan 5	180105_SM_PC5_S_Cell_Study_Sample_312					JFCF_6_SUPT_1L	JFCF	Immortal
32	32	JFCF-6/T.1/C	19/1/17	SWATH	ProCan 2	 SWATH_Sample_32	6/1/17	ProCan 2	SM	90 Min IDA_06	JFCF_6_T_1_C	JFCF	Immortal
329	329	JFCF-6/SUPT.1I_C	6/1/18	SWATH	ProCan 5	180106_SM_PC5_S_Cell_Study_Sample_329					JFCF_6_SUPT_1I	JFCF	Immortal
330	330	JFCF-6/SUPT.1G_C	7/1/18	SWATH	ProCan 5	180107_SM_PC5_S_Cell_Study_Sample_330					JFCF_6_SUPT_1G	JFCF	Immortal
334	334	JFCF-6_A	7/1/18	SWATH	ProCan 5	180107_SM_PC5_S_Cell_Study_Sample_334					JFCF_6	JFCF	Mortal
335	335	WI38_A	7/1/18	SWATH	ProCan 5	180107_SM_PC5_S_Cell_Study_Sample_335					WI38	WI38	Mortal
336	336	LFS05F24 pre_A	7/1/18	SWATH	ProCan 5	180107_SM_PC5_S_Cell_Study_Sample_336					LFS_05F_24_pre	LFS	Mortal
337	337	IIIFC(P7)_A	7/1/18	SWATH	ProCan 5	180107_SM_PC5_S_Cell_Study_Sample_337					IIICF_P7	IIICF	Mortal
338	338	IVG-BF-LXSN_A	7/1/18	SWATH	ProCan 5	180107_SM_PC5_S_Cell_Study_Sample_338					IVG_BF_LXSN_pre	IVG	Mortal
339	339	Met-4A pre_A	7/1/18	SWATH	ProCan 5	180107_SM_PC5_S_Cell_Study_Sample_339					MeT_4A_pre	MeT	Mortal
34	34	JFCF-6/T.1J/1.3C	19/1/17	SWATH	ProCan 2	 SWATH_Sample_34	6/1/17	ProCan 2	SM	90 Min IDA_06	JFCF_6_T_1J_1_3C	JFCF	Immortal
340	340	IIICF E6E7 C4 pre_A	7/1/18	SWATH	ProCan 5	180107_SM_PC5_S_Cell_Study_Sample_340					IIICF_E6E7_C4_pre	IIICF	Mortal
341	341	IIIFC(P9)_A	7/1/18	SWATH	ProCan 5	180107_SM_PC5_S_Cell_Study_Sample_341					IIICF(P9)	IIICF(P9)	Immortal
342	342	GM02063_A	10/1/18	SWATH	ProCan 5	180110_SM_PC5_S_Cell_Study_Sample_342					GM02063	GM02063	Mortal
344	344	JFCF-6_B	10/1/18	SWATH	ProCan 5	180110_SM_PC5_S_Cell_Study_Sample_344					JFCF_6	JFCF	Mortal
345	345	WI38_B	10/1/18	SWATH	ProCan 5	180110_SM_PC5_S_Cell_Study_Sample_345					WI38	WI38	Mortal
346	346	LFS05F24 pre_B	10/1/18	SWATH	ProCan 5	180110_SM_PC5_S_Cell_Study_Sample_346					LFS_05F_24_pre	LFS	Mortal
348	348	IIIFC(P7)_B	10/1/18	SWATH	ProCan 5	180110_SM_PC5_S_Cell_Study_Sample_348					IIICF_P7	IIICF	Mortal
349	349	IVG-BF-LXSN_B	10/1/18	SWATH	ProCan 5	180110_SM_PC5_S_Cell_Study_Sample_349					IVG_BF_LXSN_pre	IVG	Mortal
35	35	JFCF-6/T.2H	19/1/17	SWATH	ProCan 2	 SWATH_Sample_35	6/1/17	ProCan 2	SM	90 Min IDA_06	JFCF_6_T_2H	JFCF	Immortal
350	350	Met-4A pre_B	10/1/18	SWATH	ProCan 5	180110_SM_PC5_S_Cell_Study_Sample_350					MeT_4A_pre	MeT	Mortal
352	352	IIICF E6E7 C4 pre_B	10/1/18	SWATH	ProCan 5	180110_SM_PC5_S_Cell_Study_Sample_352					IIICF_E6E7_C4_pre	IIICF	Mortal
353	353	IIIFC(P9)_B	12/1/18	SWATH	ProCan 5	180112_SM_PC5_S_Cell_Study_Sample_repeat_353					IIICF(P9)	IIICF(P9)	Immortal
354	354	GM02063_B	10/1/18	SWATH	ProCan 5	180111_SM_PC5_S_Cell_Study_Sample_354					GM02063	GM02063	Mortal
356	356	JFCF-6_C	11/1/18	SWATH	ProCan 5	180111_SM_PC5_S_Cell_Study_Sample_356					JFCF_6	JFCF	Mortal
357	357	WI38_C	11/1/18	SWATH	ProCan 5	180111_SM_PC5_S_Cell_Study_Sample_357					WI38	WI38	Mortal
358	358	LFS05F24 pre_C	12/1/18	SWATH	ProCan 5	180112_SM_PC5_S_Cell_Study_Sample_repeat_358					LFS_05F_24_pre	LFS	Mortal
36	36	JFCF-6/T.1J/1D	1/2/17	SWATH	ProCan 5	 Cell Study_Sample36					JFCF_6_T_1J_1D	JFCF	Immortal
360	360	IIIFC(P7)_C	11/1/18	SWATH	ProCan 5	180111_SM_PC5_S_Cell_Study_Sample_360					IIICF_P7	IIICF	Mortal
361	361	IVG-BF-LXSN_C	11/1/18	SWATH	ProCan 5	180111_SM_PC5_S_Cell_Study_Sample_361					IVG_BF_LXSN_pre	IVG	Mortal
362	362	Met-4A pre_C	11/1/18	SWATH	ProCan 5	180111_SM_PC5_S_Cell_Study_Sample_362					MeT_4A_pre	MeT	Mortal
364	364	IIICF E6E7 C4 pre_C	11/1/18	SWATH	ProCan 5	180111_SM_PC5_S_Cell_Study_Sample_364					IIICF_E6E7_C4_pre	IIICF	Mortal
365	365	IIIFC(P9)_C	11/1/18	SWATH	ProCan 5	180111_SM_PC5_S_Cell_Study_Sample_365					IIICF(P9)	IIICF(P9)	Immortal
366	366	GM02063_C	11/1/18	SWATH	ProCan 5	180111_SM_PC5_S_Cell_Study_Sample_366					GM02063	GM02063	Mortal
367	367	IIICF-T/C3_A	6/6/18	SWATH	ProCan 5	180606_PC5_SM_S_Cell_study_sample_367					IIICF_T_C3	IIICF	Immortal
368	368	IIICF-T/C4_A	6/6/18	SWATH	ProCan 5	180606_PC5_SM_S_Cell_study_sample_368					IIICF_T_C4	IIICF	Immortal
369	369	IIICF E6 A1_A	6/6/18	SWATH	ProCan 5	180606_PC5_SM_S_Cell_study_sample_369					IIICF_E6_A1	IIICF	Immortal
37	37	JFCF-6/T.1J/9E	1/2/17	SWATH	ProCan 5	 Cell Study_Sample37					JFCF_6_T_1J_9E	JFCF	Immortal
370	370	IIICF E6E7 C4 PRE_A	6/6/18	SWATH	ProCan 5	180606_PC5_SM_S_Cell_study_sample_370					IIICF_E6E7_C4_PRE	IIICF	Immortal
372	372	IIICF E6E7 B2_A	6/6/18	SWATH	ProCan 5	180606_PC5_SM_S_Cell_study_sample_372					IIICF_E6E7_B2	IIICF	Immortal
373	373	IIICF 402 DE/D2_A	6/6/18	SWATH	ProCan 5	180606_PC5_SM_S_Cell_study_sample_373					IIICF_402DE_D2	IIICF	Immortal
374	374	IIICF E6E7 C3_A	6/6/18	SWATH	ProCan 5	180606_PC5_SM_S_Cell_study_sample_374					IIICF_E6E7_C3	IIICF	Immortal
375	375	IIICF E6 A2_A	6/6/18	SWATH	ProCan 5	180606_PC5_SM_S_Cell_study_sample_375					IIICF_E6_A2	IIICF	Immortal
378	378	IIICF E6E7 A2_A	6/6/18	SWATH	ProCan 5	180606_PC5_SM_S_Cell_study_sample_378					IIICF_E6E7_A2	IIICF	Immortal
379	379	IIICF/d2_A	6/6/18	SWATH	ProCan 5	180606_PC5_SM_S_Cell_study_sample_379					IIICF_d2	IIICF	Immortal
380	380	IIICF E6E7 A1_A	6/6/18	SWATH	ProCan 5	180606_PC5_SM_S_Cell_study_sample_380					IIICF_E6E7_A1	IIICF	Immortal
383	383	IIICF-T/C3_B	6/6/18	SWATH	ProCan 5	180606_PC5_SM_S_Cell_study_sample_383					IIICF_T_C3	IIICF	Immortal
384	384	IIICF-T/C4_B	6/6/18	SWATH	ProCan 5	180606_PC5_SM_S_Cell_study_sample_384					IIICF_T_C4	IIICF	Immortal
385	385	IIICF E6 A1_B	6/6/18	SWATH	ProCan 5	180606_PC5_SM_S_Cell_study_sample_385					IIICF_E6_A1	IIICF	Immortal
386	386	IIICF E6E7 C4 PRE_B	6/6/18	SWATH	ProCan 5	180606_PC5_SM_S_Cell_study_sample_386					IIICF_E6E7_C4_PRE	IIICF	Immortal
388	388	IIICF E6E7 B2_B	6/6/18	SWATH	ProCan 5	180606_PC5_SM_S_Cell_study_sample_388					IIICF_E6E7_B2	IIICF	Immortal
389	389	IIICF 402 DE/D2_B	6/6/18	SWATH	ProCan 5	180606_PC5_SM_S_Cell_study_sample_389					IIICF_402DE_D2	IIICF	Immortal
390	390	IIICF E6E7 C3_B	6/6/18	SWATH	ProCan 5	180606_PC5_SM_S_Cell_study_sample_390					IIICF_E6E7_C3	IIICF	Immortal
391	391	IIICF E6 A2_B	6/6/18	SWATH	ProCan 5	180606_PC5_SM_S_Cell_study_sample_391					IIICF_E6_A2	IIICF	Immortal
394	394	IIICF E6E7 A2_B	6/6/18	SWATH	ProCan 5	180606_PC5_SM_S_Cell_study_sample_394					IIICF_E6E7_A2	IIICF	Immortal
395	395	IIICF/d2_B	6/6/18	SWATH	ProCan 5	180606_PC5_SM_S_Cell_study_sample_395					IIICF_d2	IIICF	Immortal
396	396	IIICF E6E7 A1_B	6/6/18	SWATH	ProCan 5	180606_PC5_SM_S_Cell_study_sample_396					IIICF_E6E7_A1	IIICF	Immortal
399	399	IIICF-T/C3_C	6/6/18	SWATH	ProCan 5	180606_PC5_SM_S_Cell_study_sample_399					IIICF_T_C3	IIICF	Immortal
4	4	GM847DM	19/1/17	SWATH	ProCan 2	 SWATH_Sample_04	8/12/16	ProCan 2	SM	90 Min IDA_06	GM847	GM847	Immortal
400	400	IIICF-T/C4_C	6/6/18	SWATH	ProCan 5	180606_PC5_SM_S_Cell_study_sample_400					IIICF_T_C4	IIICF	Immortal
401	401	IIICF E6 A1_C	6/6/18	SWATH	ProCan 5	180606_PC5_SM_S_Cell_study_sample_401					IIICF_E6_A1	IIICF	Immortal
403	403	IIICF E6E7 B2_C	6/6/18	SWATH	ProCan 5	180606_PC5_SM_S_Cell_study_sample_403					IIICF_E6E7_B2	IIICF	Immortal
404	404	IIICF 402 DE/D2_C	6/6/18	SWATH	ProCan 5	180606_PC5_SM_S_Cell_study_sample_404					IIICF_402DE_D2	IIICF	Immortal
405	405	IIICF E6E7 C3_C	6/6/18	SWATH	ProCan 5	180606_PC5_SM_S_Cell_study_sample_405					IIICF_E6E7_C3	IIICF	Immortal
406	406	IIICF E6 A2_C	6/6/18	SWATH	ProCan 5	180606_PC5_SM_S_Cell_study_sample_406					IIICF_E6_A2	IIICF	Immortal
409	409	IIICF E6E7 A2_C	6/6/18	SWATH	ProCan 5	180606_PC5_SM_S_Cell_study_sample_409					IIICF_E6E7_A2	IIICF	Immortal
41	41	JFCF-6/T.1/H	1/2/17	SWATH	ProCan 5	 Cell Study_Sample41					JFCF_6_T_1_H	JFCF	Immortal
410	410	IIICF/d2_C	6/6/18	SWATH	ProCan 5	180606_PC5_SM_S_Cell_study_sample_410					IIICF_d2	IIICF	Immortal
411	411	IIICF E6E7 A1_C	6/6/18	SWATH	ProCan 5	180606_PC5_SM_S_Cell_study_sample_411					IIICF_E6E7_A1	IIICF	Immortal
43	43	JFCF-6/T.1/P-sc2	1/2/17	SWATH	ProCan 5	 Cell Study_Sample43					JFCF_6_P_pLKO_5	JFCF	Immortal
44	44	JFCF-6/T.1J/5H	1/2/17	SWATH	ProCan 5	 Cell Study_Sample44					JFCF_6_T_1J_5H	JFCF	Immortal
45	45	JFCF-6/T.1J/6B	1/2/17	SWATH	ProCan 5	 Cell Study_Sample45					JFCF_6_T_1J_6B	JFCF	Immortal
46	46	JFCF-6/T.1J/4D	1/2/17	SWATH	ProCan 5	 Cell Study_Sample46					JFCF_6_T_1J_4D	JFCF	Immortal
48	48	JFCF-6/T.1J/4F	1/2/17	SWATH	ProCan 5	 Cell Study_Sample48					JFCF_6_T_1J_4F	JFCF	Immortal
49	49	JFCF-6/T.1/D	1/2/17	SWATH	ProCan 5	 Cell Study_Sample49					JFCF_6_T_1_D	JFCF	Immortal
5	5	IVG-BF/LXSN post	19/1/17	SWATH	ProCan 2	 SWATH_Sample_05	13/12/16	ProCan 2	SM	90 Min IDA_06	IVG_BF_LXSN_post	IVG	Immortal
50	50	JFCF-6/T.1/G	1/2/17	SWATH	ProCan 5	 Cell Study_Sample50					JFCF_6_T_1_G	JFCF	Immortal
51	51	JFCF-6/T.1/L	1/2/17	SWATH	ProCan 5	 Cell Study_Sample51					JFCF_6_T_1_L	JFCF	Immortal
52	52	JFCF-6/T.1/M	1/2/17	SWATH	ProCan 5	 Cell Study_Sample52					JFCF_6_T_1_M	JFCF	Immortal
53	53	JFCF-6/T.1/P	1/2/17	SWATH	ProCan 5	 Cell Study_Sample53					JFCF_6_T_1_P_TEL	JFCF	Immortal
54	54	JFCF-6/T.1/Q	1/2/17	SWATH	ProCan 5	 Cell Study_Sample54					JFCF_6_T_1_Q	JFCF	Immortal
55	55	JFCF-6/T.1/P-EV	1/2/17	SWATH	ProCan 5	 Cell Study_Sample55					JFCF_6_T_1_P_EV	JFCF	Immortal
56	56	WI-38 VA13/2RA	1/2/17	SWATH	ProCan 5	 Cell Study_Sample56					VA13	VA13	Immortal
57	57	LFS-05F-24 post	1/2/17	SWATH	ProCan 5	 Cell Study_Sample57	17/1/17	ProCan 2	SM	90 Min IDA_06	LFS_05F_24_post	LFS	Immortal
58	58	IIICF-T/A6	1/2/17	SWATH	ProCan 5	 Cell Study_Sample58	17/1/17	ProCan 2	SM	90 Min IDA_06	IIICF_T_A6	IIICF	Immortal
59	59	JFCF-6/T.1J/12E	1/2/17	SWATH	ProCan 5	 Cell Study_Sample59	17/1/17	ProCan 2	SM	90 Min IDA_06	JFCF_6_T_1J_12E	JFCF	Immortal
72	72	JFCF-6/T.1/F	30/1/17	SWATH	ProCan 5	 Cell Study_Sample72					JFCF_6_T_1_F	JFCF	Immortal
75	75	JFCF-6/T.1J/6G	30/1/17	SWATH	ProCan 5	 Cell Study_Sample75					JFCF_6_T_1J_6G	JFCF	Immortal
76	76	JFCF-6/T.1/P (ALT)	30/1/17	SWATH	ProCan 5	 Cell Study_Sample76					JFCF_6_T_1_P_ALT	JFCF	Immortal
8	8	IIICF E6E7/C4	19/1/17	SWATH	ProCan 2	 SWATH_Sample_08	13/12/16	ProCan 2	SM	90 Min IDA_06	IIICF_E6E7_C4_post	IIICF	Immortal
80	80	JFCF-6/T.1J/1.3C	30/1/17	SWATH	ProCan 5	 Cell Study_Sample80					JFCF_6_T_1J_1_3C	JFCF	Immortal
81	81	JFCF-6/T.2H	31/1/17	SWATH	ProCan 5	 Cell Study_Sample81					JFCF_6_T_2H	JFCF	Immortal
82	82	JFCF-6/T.1J/1D	31/1/17	SWATH	ProCan 5	 Cell Study_Sample82					JFCF_6_T_1J_1D	JFCF	Immortal
83	83	JFCF-6/T.1J/9E	31/1/17	SWATH	ProCan 5	 Cell Study_Sample83					JFCF_6_T_1J_9E	JFCF	Immortal
88	88	JFCF-6/T.1/P-sc2	31/1/17	SWATH	ProCan 5	 Cell Study_Sample88					JFCF_6_P_pLKO_5	JFCF	Immortal
89	89	JFCF-6/T.1J/5H	31/1/17	SWATH	ProCan 5	 Cell Study_Sample89					JFCF_6_T_1J_5H	JFCF	Immortal
9	9	IIICF-T/B1	19/1/17	SWATH	ProCan 2	 SWATH_Sample_09	14/12/16	ProCan 2	SM	90 Min IDA_06	IIICF_T_B1	IIICF	Immortal
90	90	JFCF-6/T.1J/6B	31/1/17	SWATH	ProCan 5	 Cell Study_Sample90					JFCF_6_T_1J_6B	JFCF	Immortal
91	91	JFCF-6/T.1J/4D	31/1/17	SWATH	ProCan 5	 Cell Study_Sample91					JFCF_6_T_1J_4D	JFCF	Immortal
93	93	JFCF-6/T.1J/4F	31/1/17	SWATH	ProCan 5	 Cell Study_Sample93					JFCF_6_T_1J_4F	JFCF	Immortal
95	95	JFCF-6/T.1J/1-4D	13/2/17	SWATH	ProCan 5	 Cell_Study_Sample_95					JFCF_6_T_1J_1_4D	JFCF	Immortal
96	96	JFCF-6/T.1J/1C	13/2/17	SWATH	ProCan 5	 Cell_Study_Sample_96					JFCF_6_T_1J_1C	JFCF	Immortal
97	97	GM847DM	13/2/17	SWATH	ProCan 5	 Cell_Study_Sample_97					GM847	GM847	Immortal
98	98	IVG-BF/LXSN post	13/2/17	SWATH	ProCan 5	 Cell_Study_Sample_98					IVG_BF_LXSN_post	IVG	Immortal
