4,GM847DM,19/1/17,SWATH,ProCan 2, SWATH_Sample_04,I:\MassspecCoreGroup\Data\Procan\Projects\Cell Study SWATH\Cell_Study_Data\Complete Dataset,,8/12/16,Cell Immortalization Study_Sample_04,I:\MassspecCoreGroup\Data\Procan\Procan2\SM\Data\20161208,ProCan 2,SM,90 Min IDA_06,IDA,,MS_comments,BS_upload,MS_Column,MS_Col_SN,MS_Trap
5,IVG-BF/LXSN post,19/1/17,SWATH,ProCan 2, SWATH_Sample_05,I:\MassspecCoreGroup\Data\Procan\Projects\Cell Study SWATH\Cell_Study_Data\Complete Dataset,,13/12/16,Cell Immortalization Study_Sample_05,I:\MassspecCoreGroup\Data\Procan\Procan2\SM\Data\20161213,ProCan 2,SM,90 Min IDA_06,IDA,,,,,,
9,IIICF-T/B1,19/1/17,SWATH,ProCan 2, SWATH_Sample_09,I:\MassspecCoreGroup\Data\Procan\Projects\Cell Study SWATH\Cell_Study_Data\Complete Dataset,,14/12/16,Cell Immortalization Study_Sample_09,I:\MassspecCoreGroup\Data\Procan\Procan2\SM\Data\20161215,ProCan 2,SM,90 Min IDA_06,IDA,,,,,,
11,JFCF-6/T.1/R,19/1/17,SWATH,ProCan 2, SWATH_Sample_11,I:\MassspecCoreGroup\Data\Procan\Projects\Cell Study SWATH\Cell_Study_Data\Complete Dataset,,14/12/16,Cell Immortalization Study_Sample_11,I:\MassspecCoreGroup\Data\Procan\Procan2\SM\Data\20161215,ProCan 2,SM,90 Min IDA_06,IDA,,,,,,
12,JFCF-6/T.1J/11C,19/1/17,SWATH,ProCan 2, SWATH_Sample_12,I:\MassspecCoreGroup\Data\Procan\Projects\Cell Study SWATH\Cell_Study_Data\Complete Dataset,,14/12/16,Cell Immortalization Study_Sample_12,I:\MassspecCoreGroup\Data\Procan\Procan2\SM\Data\20161215,ProCan 2,SM,90 Min IDA_06,IDA,,,,,,
15,IIICF/c,19/1/17,SWATH,ProCan 2, SWATH_Sample_15,I:\MassspecCoreGroup\Data\Procan\Projects\Cell Study SWATH\Cell_Study_Data\Complete Dataset,,28/12/16,Cell Immortalization Study_Sample_15,I:\MassspecCoreGroup\Data\Procan\Procan2\SM\Data\20161228,ProCan 2,SM,90 Min IDA_06,IDA,,,,,,
16,JFCF-6/T.5K,19/1/17,SWATH,ProCan 2, SWATH_Sample_16,I:\MassspecCoreGroup\Data\Procan\Projects\Cell Study SWATH\Cell_Study_Data\Complete Dataset,,28/12/16,Cell Immortalization Study_Sample_16,I:\MassspecCoreGroup\Data\Procan\Procan2\SM\Data\20161228,ProCan 2,SM,90 Min IDA_06,IDA,,,,,,
19,JFCF-6/T.1J/11E,19/1/17,SWATH,ProCan 2, SWATH_Sample_19,I:\MassspecCoreGroup\Data\Procan\Projects\Cell Study SWATH\Cell_Study_Data\Complete Dataset,,6/1/17,Cell Immortalization Study_Sample_19,I:\MassspecCoreGroup\Data\Procan\Procan2\SM\Data\20170106,ProCan 2,SM,90 Min IDA_06,IDA,,,,,,
21,MeT-4A,19/1/17,SWATH,ProCan 2, SWATH_Sample_21,I:\MassspecCoreGroup\Data\Procan\Projects\Cell Study SWATH\Cell_Study_Data\Complete Dataset,,6/1/17,Cell Immortalization Study_Sample_21,I:\MassspecCoreGroup\Data\Procan\Procan2\SM\Data\20170106,ProCan 2,SM,90 Min IDA_06,IDA,,,,,,
22,IIICF/a2,19/1/17,SWATH,ProCan 2, SWATH_Sample_22,I:\MassspecCoreGroup\Data\Procan\Projects\Cell Study SWATH\Cell_Study_Data\Complete Dataset,,6/1/17,Cell Immortalization Study_Sample_22,I:\MassspecCoreGroup\Data\Procan\Procan2\SM\Data\20170106,ProCan 2,SM,90 Min IDA_06,IDA,,,,,,
23,IIICF-T/B3,19/1/17,SWATH,ProCan 2, SWATH_Sample_23,I:\MassspecCoreGroup\Data\Procan\Projects\Cell Study SWATH\Cell_Study_Data\Complete Dataset,,6/1/17,Cell Immortalization Study_Sample_23,I:\MassspecCoreGroup\Data\Procan\Procan2\SM\Data\20170106,ProCan 2,SM,90 Min IDA_06,IDA,,,,,,
25,JFCF-6/T.1/F,19/1/17,SWATH,ProCan 2, SWATH_Sample_25,I:\MassspecCoreGroup\Data\Procan\Projects\Cell Study SWATH\Cell_Study_Data\Complete Dataset,,6/1/17,Cell Immortalization Study_Sample_25,I:\MassspecCoreGroup\Data\Procan\Procan2\SM\Data\20170106,ProCan 2,SM,90 Min IDA_06,IDA,,,,,,
29,JFCF-6/T.1/P (ALT),19/1/17,SWATH,ProCan 2, SWATH_Sample_29,I:\MassspecCoreGroup\Data\Procan\Projects\Cell Study SWATH\Cell_Study_Data\Complete Dataset,,6/1/17,Cell Immortalization Study_Sample_29,I:\MassspecCoreGroup\Data\Procan\Procan2\SM\Data\20170106,ProCan 2,SM,90 Min IDA_06,IDA,,,,,,
32,JFCF-6/T.1/C,19/1/17,SWATH,ProCan 2, SWATH_Sample_32,I:\MassspecCoreGroup\Data\Procan\Projects\Cell Study SWATH\Cell_Study_Data\Complete Dataset,,6/1/17,Cell Immortalization Study_Sample_32,I:\MassspecCoreGroup\Data\Procan\Procan2\SM\Data\20170106,ProCan 2,SM,90 Min IDA_06,IDA,,,,,,
34,JFCF-6/T.1J/1.3C,19/1/17,SWATH,ProCan 2, SWATH_Sample_34,I:\MassspecCoreGroup\Data\Procan\Projects\Cell Study SWATH\Cell_Study_Data\Complete Dataset,,6/1/17,Cell Immortalization Study_Sample_34,I:\MassspecCoreGroup\Data\Procan\Procan2\SM\Data\20170106,ProCan 2,SM,90 Min IDA_06,IDA,,,,,,
35,JFCF-6/T.2H,19/1/17,SWATH,ProCan 2, SWATH_Sample_35,I:\MassspecCoreGroup\Data\Procan\Projects\Cell Study SWATH\Cell_Study_Data\Complete Dataset,,6/1/17,Cell Immortalization Study_Sample_35,I:\MassspecCoreGroup\Data\Procan\Procan2\SM\Data\20170106,ProCan 2,SM,90 Min IDA_06,IDA,,,,,,
41,JFCF-6/T.1/H,1/2/17,SWATH,ProCan 5, Cell Study_Sample41,I:\MassspecCoreGroup\Data\Procan\Projects\Cell Study SWATH\Cell_Study_Data\Complete Dataset,,,,,,,,,,,,,,
43,JFCF-6/T.1/P-sc2,1/2/17,SWATH,ProCan 5, Cell Study_Sample43,I:\MassspecCoreGroup\Data\Procan\Projects\Cell Study SWATH\Cell_Study_Data\Complete Dataset,,,,,,,,,,,,,,
49,JFCF-6/T.1/D,1/2/17,SWATH,ProCan 5, Cell Study_Sample49,I:\MassspecCoreGroup\Data\Procan\Projects\Cell Study SWATH\Cell_Study_Data\Complete Dataset,,,,,,,,,,,,,,
50,JFCF-6/T.1/G,1/2/17,SWATH,ProCan 5, Cell Study_Sample50,I:\MassspecCoreGroup\Data\Procan\Projects\Cell Study SWATH\Cell_Study_Data\Complete Dataset,,,,,,,,,,,,,,
51,JFCF-6/T.1/L,1/2/17,SWATH,ProCan 5, Cell Study_Sample51,I:\MassspecCoreGroup\Data\Procan\Projects\Cell Study SWATH\Cell_Study_Data\Complete Dataset,,,,,,,,,,,,,,
52,JFCF-6/T.1/M,1/2/17,SWATH,ProCan 5, Cell Study_Sample52,I:\MassspecCoreGroup\Data\Procan\Projects\Cell Study SWATH\Cell_Study_Data\Complete Dataset,,,,,,,,,,,,,,
53,JFCF-6/T.1/P,1/2/17,SWATH,ProCan 5, Cell Study_Sample53,I:\MassspecCoreGroup\Data\Procan\Projects\Cell Study SWATH\Cell_Study_Data\Complete Dataset,,,,,,,,,,,,,,
54,JFCF-6/T.1/Q,1/2/17,SWATH,ProCan 5, Cell Study_Sample54,I:\MassspecCoreGroup\Data\Procan\Projects\Cell Study SWATH\Cell_Study_Data\Complete Dataset,,,,,,,,,,,,,,
56,WI-38 VA13/2RA,1/2/17,SWATH,ProCan 5, Cell Study_Sample56,I:\MassspecCoreGroup\Data\Procan\Projects\Cell Study SWATH\Cell_Study_Data\Complete Dataset,,,,,,,,,,,,,,
57,LFS-05F-24 post,1/2/17,SWATH,ProCan 5, Cell Study_Sample57,I:\MassspecCoreGroup\Data\Procan\Projects\Cell Study SWATH\Cell_Study_Data\Complete Dataset,Repeated in ProCan 5,17/1/17,Cell Immortalization Study_Sample_57,,ProCan 2,SM,90 Min IDA_06,IDA,,,,,,
58,IIICF-T/A6,1/2/17,SWATH,ProCan 5, Cell Study_Sample58,I:\MassspecCoreGroup\Data\Procan\Projects\Cell Study SWATH\Cell_Study_Data\Complete Dataset,Repeated in ProCan 5,17/1/17,Cell Immortalization Study_Sample_58,,ProCan 2,SM,90 Min IDA_06,IDA,,,,,,
72,JFCF-6/T.1/F,30/1/17,SWATH,ProCan 5, Cell Study_Sample72,I:\MassspecCoreGroup\Data\Procan\Projects\Cell Study SWATH\Cell_Study_Data\Complete Dataset,,,,,,,,,,,,,,
76,JFCF-6/T.1/P (ALT),30/1/17,SWATH,ProCan 5, Cell Study_Sample76,I:\MassspecCoreGroup\Data\Procan\Projects\Cell Study SWATH\Cell_Study_Data\Complete Dataset,,,,,,,,,,,,,,
80,JFCF-6/T.1J/1.3C,30/1/17,SWATH,ProCan 5, Cell Study_Sample80,I:\MassspecCoreGroup\Data\Procan\Projects\Cell Study SWATH\Cell_Study_Data\Complete Dataset,,,,,,,,,,,,,,
81,JFCF-6/T.2H,31/1/17,SWATH,ProCan 5, Cell Study_Sample81,I:\MassspecCoreGroup\Data\Procan\Projects\Cell Study SWATH\Cell_Study_Data\Complete Dataset,,,,,,,,,,,,,,
88,JFCF-6/T.1/P-sc2,31/1/17,SWATH,ProCan 5, Cell Study_Sample88,I:\MassspecCoreGroup\Data\Procan\Projects\Cell Study SWATH\Cell_Study_Data\Complete Dataset,,,,,,,,,,,,,,
90,JFCF-6/T.1J/6B,31/1/17,SWATH,ProCan 5, Cell Study_Sample90,I:\MassspecCoreGroup\Data\Procan\Projects\Cell Study SWATH\Cell_Study_Data\Complete Dataset,,,,,,,,,,,,,,
97,GM847DM,13/2/17,SWATH,ProCan 5, Cell_Study_Sample_97,I:\MassspecCoreGroup\Data\Procan\Projects\Cell Study SWATH\Cell_Study_Data\Complete Dataset,,,,,,,,,,,,,,
98,IVG-BF/LXSN post,13/2/17,SWATH,ProCan 5, Cell_Study_Sample_98,I:\MassspecCoreGroup\Data\Procan\Projects\Cell Study SWATH\Cell_Study_Data\Complete Dataset,,,,,,,,,,,,,,
102,IIICF-T/B1,13/2/17,SWATH,ProCan 5, Cell_Study_Sample_102,I:\MassspecCoreGroup\Data\Procan\Projects\Cell Study SWATH\Cell_Study_Data\Complete Dataset,,,,,,,,,,,,,,
104,JFCF-6/T.1/R,13/2/17,SWATH,ProCan 5, Cell_Study_Sample_104,I:\MassspecCoreGroup\Data\Procan\Projects\Cell Study SWATH\Cell_Study_Data\Complete Dataset,,,,,,,,,,,,,,
105,IIICF/c,13/2/17,SWATH,ProCan 5, Cell_Study_Sample_105,I:\MassspecCoreGroup\Data\Procan\Projects\Cell Study SWATH\Cell_Study_Data\Complete Dataset,,,,,,,,,,,,,,
106,JFCF-6/T.5K,13/2/17,SWATH,ProCan 5, Cell_Study_Sample_106,I:\MassspecCoreGroup\Data\Procan\Projects\Cell Study SWATH\Cell_Study_Data\Complete Dataset,,,,,,,,,,,,,,
107,JFCF-6/T.1J/11E,13/2/17,SWATH,ProCan 5, Cell_Study_Sample_107,I:\MassspecCoreGroup\Data\Procan\Projects\Cell Study SWATH\Cell_Study_Data\Complete Dataset,,,,,,,,,,,,,,
109,MeT-4A,13/2/17,SWATH,ProCan 5, Cell_Study_Sample_109,I:\MassspecCoreGroup\Data\Procan\Projects\Cell Study SWATH\Cell_Study_Data\Complete Dataset,,,,,,,,,,,,,,
110,IIICF/a2,14/2/17,SWATH,ProCan 5, Cell_Study_Sample_110,I:\MassspecCoreGroup\Data\Procan\Projects\Cell Study SWATH\Cell_Study_Data\Complete Dataset,,,,,,,,,,,,,,
111,IIICF-T/B3,14/2/17,SWATH,ProCan 5, Cell_Study_Sample_111,I:\MassspecCoreGroup\Data\Procan\Projects\Cell Study SWATH\Cell_Study_Data\Complete Dataset,,,,,,,,,,,,,,
112,JFCF-6/T.1/C,14/2/17,SWATH,ProCan 5, Cell_Study_Sample_112,I:\MassspecCoreGroup\Data\Procan\Projects\Cell Study SWATH\Cell_Study_Data\Complete Dataset,,,,,,,,,,,,,,
113,JFCF-6/T.1/D,14/2/17,SWATH,ProCan 5, Cell_Study_Sample_113,I:\MassspecCoreGroup\Data\Procan\Projects\Cell Study SWATH\Cell_Study_Data\Complete Dataset,,,,,,,,,,,,,,
114,JFCF-6/T.1/G,14/2/17,SWATH,ProCan 5, Cell_Study_Sample_114,I:\MassspecCoreGroup\Data\Procan\Projects\Cell Study SWATH\Cell_Study_Data\Complete Dataset,,,,,,,,,,,,,,
115,JFCF-6/T.1/H,14/2/17,SWATH,ProCan 5, Cell_Study_Sample_115,I:\MassspecCoreGroup\Data\Procan\Projects\Cell Study SWATH\Cell_Study_Data\Complete Dataset,,,,,,,,,,,,,,
116,JFCF-6/T.1/L,14/2/17,SWATH,ProCan 5, Cell_Study_Sample_116,I:\MassspecCoreGroup\Data\Procan\Projects\Cell Study SWATH\Cell_Study_Data\Complete Dataset,,,,,,,,,,,,,,
117,JFCF-6/T.1/M,14/2/17,SWATH,ProCan 5, Cell_Study_Sample_117,I:\MassspecCoreGroup\Data\Procan\Projects\Cell Study SWATH\Cell_Study_Data\Complete Dataset,,,,,,,,,,,,,,
118,JFCF-6/T.1/P,14/2/17,SWATH,ProCan 5, Cell_Study_Sample_118,I:\MassspecCoreGroup\Data\Procan\Projects\Cell Study SWATH\Cell_Study_Data\Complete Dataset,,,,,,,,,,,,,,
120,JFCF-6/T.1/Q,14/2/17,SWATH,ProCan 5, Cell_Study_Sample_120,I:\MassspecCoreGroup\Data\Procan\Projects\Cell Study SWATH\Cell_Study_Data\Complete Dataset,,,,,,,,,,,,,,
121,JFCF-6/T.1J/11C,14/2/17,SWATH,ProCan 5, Cell_Study_Sample_121,I:\MassspecCoreGroup\Data\Procan\Projects\Cell Study SWATH\Cell_Study_Data\Complete Dataset,,,,,,,,,,,,,,
123,JFCF-6/T.1/F,14/2/17,SWATH,ProCan 5, Cell_Study_Sample_123,I:\MassspecCoreGroup\Data\Procan\Projects\Cell Study SWATH\Cell_Study_Data\Complete Dataset,,,,,,,,,,,,,,
127,JFCF-6/T.1/P (ALT),15/2/17,SWATH,ProCan 5, Cell_study_Sample_127,I:\MassspecCoreGroup\Data\Procan\Projects\Cell Study SWATH\Cell_Study_Data\Complete Dataset,,,,,,,,,,,,,,
131,JFCF-6/T.1J/1.3C,15/2/17,SWATH,ProCan 5, Cell_study_Sample_131,I:\MassspecCoreGroup\Data\Procan\Projects\Cell Study SWATH\Cell_Study_Data\Complete Dataset,,,,,,,,,,,,,,
132,JFCF-6/T.2H,15/2/17,SWATH,ProCan 5, Cell_study_Sample_132,I:\MassspecCoreGroup\Data\Procan\Projects\Cell Study SWATH\Cell_Study_Data\Complete Dataset,,,,,,,,,,,,,,
139,JFCF-6/T.1/P-sc2,15/2/17,SWATH,ProCan 5, Cell_study_Sample_139,I:\MassspecCoreGroup\Data\Procan\Projects\Cell Study SWATH\Cell_Study_Data\Complete Dataset,,20/2/17,,,ProCan 5,,,,,,,,,
141,JFCF-6/T.1J/6B,15/2/17,SWATH,ProCan 5, Cell_study_Sample_141,I:\MassspecCoreGroup\Data\Procan\Projects\Cell Study SWATH\Cell_Study_Data\Complete Dataset,,20/2/17,,,ProCan 5,,,,,,,,,
148,GM847DM,17/2/17,SWATH,ProCan 5, Cell_Study_Sample_148,I:\MassspecCoreGroup\Data\Procan\Projects\Cell Study SWATH\Cell_Study_Data\Complete Dataset,,,,,,,,,,,,,,
149,IVG-BF/LXSN post,17/2/17,SWATH,ProCan 5, Cell_Study_Sample_149,I:\MassspecCoreGroup\Data\Procan\Projects\Cell Study SWATH\Cell_Study_Data\Complete Dataset,,,,,,,,,,,,,,
153,IIICF-T/B1,17/2/17,SWATH,ProCan 5, Cell_Study_Sample_153,I:\MassspecCoreGroup\Data\Procan\Projects\Cell Study SWATH\Cell_Study_Data\Complete Dataset,,,,,,,,,,,,,,
155,JFCF-6/T.1/R,17/2/17,SWATH,ProCan 5, Cell_Study_Sample_155,I:\MassspecCoreGroup\Data\Procan\Projects\Cell Study SWATH\Cell_Study_Data\Complete Dataset,,,,,,,,,,,,,,
156,WI-38 VA13/2RA,17/2/17,SWATH,ProCan 5, Cell_Study_Sample_156,I:\MassspecCoreGroup\Data\Procan\Projects\Cell Study SWATH\Cell_Study_Data\Complete Dataset,,,,,,,,,,,,,,
157,LFS-05F-24 post,17/2/17,SWATH,ProCan 5, Cell_Study_Sample_157,I:\MassspecCoreGroup\Data\Procan\Projects\Cell Study SWATH\Cell_Study_Data\Complete Dataset,,,,,,,,,,,,,,
158,IIICF/c,17/2/17,SWATH,ProCan 5, Cell_Study_Sample_158,I:\MassspecCoreGroup\Data\Procan\Projects\Cell Study SWATH\Cell_Study_Data\Complete Dataset,,,,,,,,,,,,,,
159,JFCF-6/T.5K,17/2/17,SWATH,ProCan 5, Cell_Study_Sample_159,I:\MassspecCoreGroup\Data\Procan\Projects\Cell Study SWATH\Cell_Study_Data\Complete Dataset,,,,,,,,,,,,,,
160,IIICF-T/A6,17/2/17,SWATH,ProCan 5, Cell_Study_Sample_160,I:\MassspecCoreGroup\Data\Procan\Projects\Cell Study SWATH\Cell_Study_Data\Complete Dataset,,,,,,,,,,,,,,
162,JFCF-6/T.1J/11E,17/2/17,SWATH,ProCan 5, Cell_Study_Sample_162,I:\MassspecCoreGroup\Data\Procan\Projects\Cell Study SWATH\Cell_Study_Data\Complete Dataset,,,,,,,,,,,,,,
164,MeT-4A,17/2/17,SWATH,ProCan 5, Cell_Study_Sample_164,I:\MassspecCoreGroup\Data\Procan\Projects\Cell Study SWATH\Cell_Study_Data\Complete Dataset,,,,,,,,,,,,,,
165,IIICF/a2,17/2/17,SWATH,ProCan 5, Cell_Study_Sample_165,I:\MassspecCoreGroup\Data\Procan\Projects\Cell Study SWATH\Cell_Study_Data\Complete Dataset,,,,,,,,,,,,,,
166,IIICF-T/B3,17/2/17,SWATH,ProCan 5, Cell_Study_Sample_166,I:\MassspecCoreGroup\Data\Procan\Projects\Cell Study SWATH\Cell_Study_Data\Complete Dataset,,,,,,,,,,,,,,
167,JFCF-6/T.1/C,17/2/17,SWATH,ProCan 5, Cell_Study_Sample_167,I:\MassspecCoreGroup\Data\Procan\Projects\Cell Study SWATH\Cell_Study_Data\Complete Dataset,,,,,,,,,,,,,,
168,JFCF-6/T.1/D,17/2/17,SWATH,ProCan 5, Cell_Study_Sample_168,I:\MassspecCoreGroup\Data\Procan\Projects\Cell Study SWATH\Cell_Study_Data\Complete Dataset,,21/2/17,,,ProCan 5,,,,,,,,,
169,JFCF-6/T.1/G,17/2/17,SWATH,ProCan 5, Cell_Study_Sample_169,I:\MassspecCoreGroup\Data\Procan\Projects\Cell Study SWATH\Cell_Study_Data\Complete Dataset,,21/2/17,,,ProCan 5,,,,,,,,,
170,JFCF-6/T.1/H,22/2/17,SWATH,ProCan 5, Cell_Study_Sample_170,I:\MassspecCoreGroup\Data\Procan\Projects\Cell Study SWATH\Cell_Study_Data\Complete Dataset,,21/2/17,,,ProCan 5,,,,,,,,,
171,JFCF-6/T.1/L,22/2/17,SWATH,ProCan 5, Cell_Study_Sample_171,I:\MassspecCoreGroup\Data\Procan\Projects\Cell Study SWATH\Cell_Study_Data\Complete Dataset,,21/2/17,,,ProCan 5,,,,,,,,,
172,JFCF-6/T.1/M,22/2/17,SWATH,ProCan 5, Cell_Study_Sample_172,I:\MassspecCoreGroup\Data\Procan\Projects\Cell Study SWATH\Cell_Study_Data\Complete Dataset,,21/2/17,,,ProCan 5,,,,,,,,,
173,JFCF-6/T.1/P,22/2/17,SWATH,ProCan 5, Cell_Study_Sample_173,I:\MassspecCoreGroup\Data\Procan\Projects\Cell Study SWATH\Cell_Study_Data\Complete Dataset,,21/2/17,,,ProCan 5,,,,,,,,,
175,JFCF-6/T.1/Q,22/2/17,SWATH,ProCan 5, Cell_Study_Sample_175,I:\MassspecCoreGroup\Data\Procan\Projects\Cell Study SWATH\Cell_Study_Data\Complete Dataset,,21/2/17,,,ProCan 5,,,,,,,,,
176,JFCF-6/T.1J/11C,22/2/17,SWATH,ProCan 5, Cell_Study_Sample_176,I:\MassspecCoreGroup\Data\Procan\Projects\Cell Study SWATH\Cell_Study_Data\Complete Dataset,,,,,,,,,,,,,,
256,IIICF/a2_A,17/12/17,SWATH,ProCan 5,171217_SM_PC5_S_Cell_Study_Sample_256,I:\MassspecCoreGroup\Data\Procan\Projects\Cell Study SWATH\Cell_Study_Data\Complete Dataset,,,,,,,,,,,,,,
334,JFCF-6_A,7/1/18,SWATH,ProCan 5,180107_SM_PC5_S_Cell_Study_Sample_334,I:\MassspecCoreGroup\Data\Procan\Projects\Cell Study SWATH\Cell_Study_Data\Complete Dataset,,,,,,,,,,,,,,
335,WI38_A,7/1/18,SWATH,ProCan 5,180107_SM_PC5_S_Cell_Study_Sample_335,I:\MassspecCoreGroup\Data\Procan\Projects\Cell Study SWATH\Cell_Study_Data\Complete Dataset,,,,,,,,,,,,,,
336,LFS05F24 pre_A,7/1/18,SWATH,ProCan 5,180107_SM_PC5_S_Cell_Study_Sample_336,I:\MassspecCoreGroup\Data\Procan\Projects\Cell Study SWATH\Cell_Study_Data\Complete Dataset,,,,,,,,,,,,,,
337,IIIFC(P7)_A,7/1/18,SWATH,ProCan 5,180107_SM_PC5_S_Cell_Study_Sample_337,I:\MassspecCoreGroup\Data\Procan\Projects\Cell Study SWATH\Cell_Study_Data\Complete Dataset,,,,,,,,,,,,,,
338,IVG-BF-LXSN_A,7/1/18,SWATH,ProCan 5,180107_SM_PC5_S_Cell_Study_Sample_338,I:\MassspecCoreGroup\Data\Procan\Projects\Cell Study SWATH\Cell_Study_Data\Complete Dataset,,,,,,,,,,,,,,
339,Met-4A pre_A,7/1/18,SWATH,ProCan 5,180107_SM_PC5_S_Cell_Study_Sample_339,I:\MassspecCoreGroup\Data\Procan\Projects\Cell Study SWATH\Cell_Study_Data\Complete Dataset,,,,,,,,,,,,,,
340,IIICF E6E7 C4 pre_A,7/1/18,SWATH,ProCan 5,180107_SM_PC5_S_Cell_Study_Sample_340,I:\MassspecCoreGroup\Data\Procan\Projects\Cell Study SWATH\Cell_Study_Data\Complete Dataset,,,,,,,,,,,,,,
341,IIIFC(P9)_A,7/1/18,SWATH,ProCan 5,180107_SM_PC5_S_Cell_Study_Sample_341,I:\MassspecCoreGroup\Data\Procan\Projects\Cell Study SWATH\Cell_Study_Data\Complete Dataset,,,,,,,,,,,,,,
342,GM02063_A,10/1/18,SWATH,ProCan 5,180110_SM_PC5_S_Cell_Study_Sample_342,I:\MassspecCoreGroup\Data\Procan\Projects\Cell Study SWATH\Cell_Study_Data\Complete Dataset,,,,,,,,,,,,,,
344,JFCF-6_B,10/1/18,SWATH,ProCan 5,180110_SM_PC5_S_Cell_Study_Sample_344,I:\MassspecCoreGroup\Data\Procan\Projects\Cell Study SWATH\Cell_Study_Data\Complete Dataset,,,,,,,,,,,,,,
345,WI38_B,10/1/18,SWATH,ProCan 5,180110_SM_PC5_S_Cell_Study_Sample_345,I:\MassspecCoreGroup\Data\Procan\Projects\Cell Study SWATH\Cell_Study_Data\Complete Dataset,,,,,,,,,,,,,,
346,LFS05F24 pre_B,10/1/18,SWATH,ProCan 5,180110_SM_PC5_S_Cell_Study_Sample_346,I:\MassspecCoreGroup\Data\Procan\Projects\Cell Study SWATH\Cell_Study_Data\Complete Dataset,,,,,,,,,,,,,,
348,IIIFC(P7)_B,10/1/18,SWATH,ProCan 5,180110_SM_PC5_S_Cell_Study_Sample_348,I:\MassspecCoreGroup\Data\Procan\Projects\Cell Study SWATH\Cell_Study_Data\Complete Dataset,,,,,,,,,,,,,,
349,IVG-BF-LXSN_B,10/1/18,SWATH,ProCan 5,180110_SM_PC5_S_Cell_Study_Sample_349,I:\MassspecCoreGroup\Data\Procan\Projects\Cell Study SWATH\Cell_Study_Data\Complete Dataset,,,,,,,,,,,,,,
350,Met-4A pre_B,10/1/18,SWATH,ProCan 5,180110_SM_PC5_S_Cell_Study_Sample_350,I:\MassspecCoreGroup\Data\Procan\Projects\Cell Study SWATH\Cell_Study_Data\Complete Dataset,,,,,,,,,,,,,,
352,IIICF E6E7 C4 pre_B,10/1/18,SWATH,ProCan 5,180110_SM_PC5_S_Cell_Study_Sample_352,I:\MassspecCoreGroup\Data\Procan\Projects\Cell Study SWATH\Cell_Study_Data\Complete Dataset,,,,,,,,,,,,,,
353,IIIFC(P9)_B,12/1/18,SWATH,ProCan 5,180112_SM_PC5_S_Cell_Study_Sample_repeat_353,I:\MassspecCoreGroup\Data\Procan\Projects\Cell Study SWATH\Cell_Study_Data\Complete Dataset,,,,,,,,,,,,,,
354,GM02063_B,10/1/18,SWATH,ProCan 5,180111_SM_PC5_S_Cell_Study_Sample_354,I:\MassspecCoreGroup\Data\Procan\Projects\Cell Study SWATH\Cell_Study_Data\Complete Dataset,,,,,,,,,,,,,,
356,JFCF-6_C,11/1/18,SWATH,ProCan 5,180111_SM_PC5_S_Cell_Study_Sample_356,I:\MassspecCoreGroup\Data\Procan\Projects\Cell Study SWATH\Cell_Study_Data\Complete Dataset,,,,,,,,,,,,,,
357,WI38_C,11/1/18,SWATH,ProCan 5,180111_SM_PC5_S_Cell_Study_Sample_357,I:\MassspecCoreGroup\Data\Procan\Projects\Cell Study SWATH\Cell_Study_Data\Complete Dataset,,,,,,,,,,,,,,
358,LFS05F24 pre_C,12/1/18,SWATH,ProCan 5,180112_SM_PC5_S_Cell_Study_Sample_repeat_358,I:\MassspecCoreGroup\Data\Procan\Projects\Cell Study SWATH\Cell_Study_Data\Complete Dataset,,,,,,,,,,,,,,
360,IIIFC(P7)_C,11/1/18,SWATH,ProCan 5,180111_SM_PC5_S_Cell_Study_Sample_360,I:\MassspecCoreGroup\Data\Procan\Projects\Cell Study SWATH\Cell_Study_Data\Complete Dataset,,,,,,,,,,,,,,
361,IVG-BF-LXSN_C,11/1/18,SWATH,ProCan 5,180111_SM_PC5_S_Cell_Study_Sample_361,I:\MassspecCoreGroup\Data\Procan\Projects\Cell Study SWATH\Cell_Study_Data\Complete Dataset,,,,,,,,,,,,,,
362,Met-4A pre_C,11/1/18,SWATH,ProCan 5,180111_SM_PC5_S_Cell_Study_Sample_362,I:\MassspecCoreGroup\Data\Procan\Projects\Cell Study SWATH\Cell_Study_Data\Complete Dataset,,,,,,,,,,,,,,
364,IIICF E6E7 C4 pre_C,11/1/18,SWATH,ProCan 5,180111_SM_PC5_S_Cell_Study_Sample_364,I:\MassspecCoreGroup\Data\Procan\Projects\Cell Study SWATH\Cell_Study_Data\Complete Dataset,,,,,,,,,,,,,,
365,IIIFC(P9)_C,11/1/18,SWATH,ProCan 5,180111_SM_PC5_S_Cell_Study_Sample_365,I:\MassspecCoreGroup\Data\Procan\Projects\Cell Study SWATH\Cell_Study_Data\Complete Dataset,,,,,,,,,,,,,,
366,GM02063_C,11/1/18,SWATH,ProCan 5,180111_SM_PC5_S_Cell_Study_Sample_366,I:\MassspecCoreGroup\Data\Procan\Projects\Cell Study SWATH\Cell_Study_Data\Complete Dataset,,,,,,,,,,,,,,
8,IIICF E6E7/C4,19/1/17,SWATH,ProCan 2, SWATH_Sample_08,I:\MassspecCoreGroup\Data\Procan\Projects\Cell Study SWATH\Cell_Study_Data\Complete Dataset,,13/12/16,Cell Immortalization Study_Sample_08,I:\MassspecCoreGroup\Data\Procan\Procan2\SM\Data\20161213,ProCan 2,SM,90 Min IDA_06,IDA,,,,,,
101,IIICF E6E7/C4,13/2/17,SWATH,ProCan 5, Cell_Study_Sample_101,I:\MassspecCoreGroup\Data\Procan\Projects\Cell Study SWATH\Cell_Study_Data\Complete Dataset,,,,,,,,,,,,,,
152,IIICF E6E7/C4,17/2/17,SWATH,ProCan 5, Cell_Study_Sample_152,I:\MassspecCoreGroup\Data\Procan\Projects\Cell Study SWATH\Cell_Study_Data\Complete Dataset,,,,,,,,,,,,,,
,,,,,,,,,,,,,,,,,,,,
Sample No ,Sample,SWATH Processing Date,Acq_Type,SWATH Processing Instrument,SWATH File Name,SWATH file Location,,IDA run Date,IDA_MS_Filename,Location,MS_used,Operator,MS_Method,Acq_Type,,,,,,
1,JFCF-6/T.5K-vector,19/1/17,SWATH,ProCan 2, SWATH_Sample_01,I:\MassspecCoreGroup\Data\Procan\Projects\Cell Study SWATH\Cell_Study_Data\Complete Dataset,,8/12/16,Cell Immortalization Study_Sample_01,I:\MassspecCoreGroup\Data\Procan\Procan2\SM\Data\20161208,ProCan 2,SM,90 Min IDA_06,IDA,,,,,,
2,JFCF-6/T.1J/1-4D,19/1/17,SWATH,ProCan 2, SWATH_Sample_02,I:\MassspecCoreGroup\Data\Procan\Projects\Cell Study SWATH\Cell_Study_Data\Complete Dataset,,8/12/16,Cell Immortalization Study_Sample_02,I:\MassspecCoreGroup\Data\Procan\Procan2\SM\Data\20161208,ProCan 2,SM,90 Min IDA_06,IDA,,,,,,
3,JFCF-6/T.1J/1C,19/1/17,SWATH,ProCan 2, SWATH_Sample_03,I:\MassspecCoreGroup\Data\Procan\Projects\Cell Study SWATH\Cell_Study_Data\Complete Dataset,,8/12/16,Cell Immortalization Study_Sample_03,I:\MassspecCoreGroup\Data\Procan\Procan2\SM\Data\20161208,ProCan 2,SM,90 Min IDA_06,IDA,,,,,,
6,G292,19/1/17,SWATH,ProCan 2, SWATH_Sample_06,I:\MassspecCoreGroup\Data\Procan\Projects\Cell Study SWATH\Cell_Study_Data\Complete Dataset,,13/12/16,Cell Immortalization Study_Sample_06,I:\MassspecCoreGroup\Data\Procan\Procan2\SM\Data\20161213,ProCan 2,SM,90 Min IDA_06,IDA,,,,,,
7,SK-LU-1,19/1/17,SWATH,ProCan 2, SWATH_Sample_07,I:\MassspecCoreGroup\Data\Procan\Projects\Cell Study SWATH\Cell_Study_Data\Complete Dataset,,13/12/16,Cell Immortalization Study_Sample_07,I:\MassspecCoreGroup\Data\Procan\Procan2\SM\Data\20161213,ProCan 2,SM,90 Min IDA_06,IDA,,,,,,
10,JFCF-6/T.5K-sc1,19/1/17,SWATH,ProCan 2, SWATH_Sample_10,I:\MassspecCoreGroup\Data\Procan\Projects\Cell Study SWATH\Cell_Study_Data\Complete Dataset,,14/12/16,Cell Immortalization Study_Sample_10,I:\MassspecCoreGroup\Data\Procan\Procan2\SM\Data\20161215,ProCan 2,SM,90 Min IDA_06,IDA,,,,,,
13,WI-38 VA13/2RA,19/1/17,,ProCan 2,,,,,,,,,,,,,,,,
14,LFS-05F-24 post,19/1/17,,ProCan 2,,,,,,,,,,,,,,,,
17,IIICF-T/A6,19/1/17,,ProCan 2,,,,,,,,,,,,,,,,
18,JFCF-6/T.1J/12E,19/1/17,,ProCan 2,,,,,,,,,,,,,,,,
20,SAOS-2,19/1/17,SWATH,ProCan 2, SWATH_Sample_20,I:\MassspecCoreGroup\Data\Procan\Projects\Cell Study SWATH\Cell_Study_Data\Complete Dataset,,6/1/17,Cell Immortalization Study_Sample_20,I:\MassspecCoreGroup\Data\Procan\Procan2\SM\Data\20170106,ProCan 2,SM,90 Min IDA_06,IDA,,,,,,
24,JFCF-6/T.5K-shATRX-2,19/1/17,SWATH,ProCan 2, SWATH_Sample_24,I:\MassspecCoreGroup\Data\Procan\Projects\Cell Study SWATH\Cell_Study_Data\Complete Dataset,,6/1/17,Cell Immortalization Study_Sample_24,I:\MassspecCoreGroup\Data\Procan\Procan2\SM\Data\20170106,ProCan 2,SM,90 Min IDA_06,IDA,,,,,,
26,JFCF-6/T.1/P-shDAXX,19/1/17,SWATH,ProCan 2, SWATH_Sample_26,I:\MassspecCoreGroup\Data\Procan\Projects\Cell Study SWATH\Cell_Study_Data\Complete Dataset,,6/1/17,Cell Immortalization Study_Sample_26,I:\MassspecCoreGroup\Data\Procan\Procan2\SM\Data\20170106,ProCan 2,SM,90 Min IDA_06,IDA,,,,,,
27,JFCF-6/T.5K-shDAXX,19/1/17,SWATH,ProCan 2, SWATH_Sample_27,I:\MassspecCoreGroup\Data\Procan\Projects\Cell Study SWATH\Cell_Study_Data\Complete Dataset,,6/1/17,Cell Immortalization Study_Sample_27,I:\MassspecCoreGroup\Data\Procan\Procan2\SM\Data\20170106,ProCan 2,SM,90 Min IDA_06,IDA,,,,,,
28,JFCF-6/T.1J/6G,19/1/17,SWATH,ProCan 2, SWATH_Sample_28,I:\MassspecCoreGroup\Data\Procan\Projects\Cell Study SWATH\Cell_Study_Data\Complete Dataset,,6/1/17,Cell Immortalization Study_Sample_28,I:\MassspecCoreGroup\Data\Procan\Procan2\SM\Data\20170106,ProCan 2,SM,90 Min IDA_06,IDA,,,,,,
30,JFCF-6/T.5K-sc2,19/1/17,SWATH,ProCan 2, SWATH_Sample_30,I:\MassspecCoreGroup\Data\Procan\Projects\Cell Study SWATH\Cell_Study_Data\Complete Dataset,,6/1/17,Cell Immortalization Study_Sample_30,I:\MassspecCoreGroup\Data\Procan\Procan2\SM\Data\20170106,ProCan 2,SM,90 Min IDA_06,IDA,,,,,,
31,JFCF-6/T.1/P-shATRX-4,19/1/17,SWATH,ProCan 2, SWATH_Sample_31,I:\MassspecCoreGroup\Data\Procan\Projects\Cell Study SWATH\Cell_Study_Data\Complete Dataset,,6/1/17,Cell Immortalization Study_Sample_31,I:\MassspecCoreGroup\Data\Procan\Procan2\SM\Data\20170106,ProCan 2,SM,90 Min IDA_06,IDA,,,,,,
33,JFCF-6/T.5K-shATRX-3,19/1/17,SWATH,ProCan 2, SWATH_Sample_33,I:\MassspecCoreGroup\Data\Procan\Projects\Cell Study SWATH\Cell_Study_Data\Complete Dataset,,6/1/17,Cell Immortalization Study_Sample_33,I:\MassspecCoreGroup\Data\Procan\Procan2\SM\Data\20170106,ProCan 2,SM,90 Min IDA_06,IDA,,,,,,
36,JFCF-6/T.1J/1D,1/2/17,SWATH,ProCan 5, Cell Study_Sample36,I:\MassspecCoreGroup\Data\Procan\Projects\Cell Study SWATH\Cell_Study_Data\Complete Dataset,,,,,,,,,,,,,,
37,JFCF-6/T.1J/9E,1/2/17,SWATH,ProCan 5, Cell Study_Sample37,I:\MassspecCoreGroup\Data\Procan\Projects\Cell Study SWATH\Cell_Study_Data\Complete Dataset,,,,,,,,,,,,,,
38,JFCF-6/T.1/P-shATRX-1,1/2/17,SWATH,ProCan 5, Cell Study_Sample38,I:\MassspecCoreGroup\Data\Procan\Projects\Cell Study SWATH\Cell_Study_Data\Complete Dataset,,,,,,,,,,,,,,
39,JFCF-6/T.1/P-shATRX-3,1/2/17,SWATH,ProCan 5, Cell Study_Sample39,I:\MassspecCoreGroup\Data\Procan\Projects\Cell Study SWATH\Cell_Study_Data\Complete Dataset,,,,,,,,,,,,,,
40,JFCF-6/T.5K-shATRX-4,1/2/17,SWATH,ProCan 5, Cell Study_Sample40,I:\MassspecCoreGroup\Data\Procan\Projects\Cell Study SWATH\Cell_Study_Data\Complete Dataset,,,,,,,,,,,,,,
42,JFCF-6/T.1/P-shATRX-2,1/2/17,SWATH,ProCan 5, Cell Study_Sample42,I:\MassspecCoreGroup\Data\Procan\Projects\Cell Study SWATH\Cell_Study_Data\Complete Dataset,,,,,,,,,,,,,,
44,JFCF-6/T.1J/5H,1/2/17,SWATH,ProCan 5, Cell Study_Sample44,I:\MassspecCoreGroup\Data\Procan\Projects\Cell Study SWATH\Cell_Study_Data\Complete Dataset,,,,,,,,,,,,,,
45,JFCF-6/T.1J/6B,1/2/17,SWATH,ProCan 5, Cell Study_Sample45,,Intensity of SWATH acquisition too high,,,,,,,,,,,,,
46,JFCF-6/T.1J/4D,1/2/17,SWATH,ProCan 5, Cell Study_Sample46,I:\MassspecCoreGroup\Data\Procan\Projects\Cell Study SWATH\Cell_Study_Data\Complete Dataset,,,,,,,,,,,,,,
47,JFCF-6/T.5K-shATRX-1,1/2/17,SWATH,ProCan 5, Cell Study_Sample47,I:\MassspecCoreGroup\Data\Procan\Projects\Cell Study SWATH\Cell_Study_Data\Complete Dataset,,,,,,,,,,,,,,
48,JFCF-6/T.1J/4F,1/2/17,SWATH,ProCan 5, Cell Study_Sample48,I:\MassspecCoreGroup\Data\Procan\Projects\Cell Study SWATH\Cell_Study_Data\Complete Dataset,,,,,,,,,,,,,,
55,JFCF-6/T.1/P-EV,1/2/17,SWATH,ProCan 5, Cell Study_Sample55,I:\MassspecCoreGroup\Data\Procan\Projects\Cell Study SWATH\Cell_Study_Data\Complete Dataset,,,,,,,,,,,,,,
59,JFCF-6/T.1J/12E,1/2/17,SWATH,ProCan 5, Cell Study_Sample59,I:\MassspecCoreGroup\Data\Procan\Projects\Cell Study SWATH\Cell_Study_Data\Complete Dataset,Repeated in ProCan 5,17/1/17,Cell Immortalization Study_Sample_59,,ProCan 2,SM,90 Min IDA_06,IDA,,,,,,
60,CHLA 291,1/2/17,SWATH,ProCan 5, Cell Study_Sample60,I:\MassspecCoreGroup\Data\Procan\Projects\Cell Study SWATH\Cell_Study_Data\Complete Dataset,Repeated in ProCan 5,17/1/17,Cell Immortalization Study_Sample_60,,ProCan 2,SM,90 Min IDA_06,IDA,,,,,,
61,CHLA 90,1/2/17,SWATH,ProCan 5, Cell Study_Sample61,I:\MassspecCoreGroup\Data\Procan\Projects\Cell Study SWATH\Cell_Study_Data\Complete Dataset,Repeated in ProCan 5,17/1/17,Cell Immortalization Study_Sample_61,,ProCan 2,SM,90 Min IDA_06,IDA,,,,,,
62,SK-N-FI,1/2/17,SWATH,ProCan 5, Cell Study_Sample62,I:\MassspecCoreGroup\Data\Procan\Projects\Cell Study SWATH\Cell_Study_Data\Complete Dataset,Repeated in ProCan 5,17/1/17,Cell Immortalization Study_Sample_62,,ProCan 2,SM,90 Min IDA_06,IDA,,,,,,
63,LAN-6,1/2/17,SWATH,ProCan 5, Cell Study_Sample63,I:\MassspecCoreGroup\Data\Procan\Projects\Cell Study SWATH\Cell_Study_Data\Complete Dataset,Repeated in ProCan 5,16/1/17,Cell Immortalization Study_Sample_63,,ProCan 2,SM,90 Min IDA_06,IDA,,,,,,
64,SK-N-BE2c,1/2/17,SWATH,ProCan 5, Cell Study_Sample64,I:\MassspecCoreGroup\Data\Procan\Projects\Cell Study SWATH\Cell_Study_Data\Complete Dataset,Repeated in ProCan 5,17/1/17,Cell Immortalization Study_Sample_64,,ProCan 2,SM,90 Min IDA_06,IDA,,,,,,
65,SH-SY5Y,1/2/17,SWATH,ProCan 5, Cell Study_Sample65,I:\MassspecCoreGroup\Data\Procan\Projects\Cell Study SWATH\Cell_Study_Data\Complete Dataset,Repeated in ProCan 5,17/1/17,Cell Immortalization Study_Sample_65,,ProCan 2,SM,90 Min IDA_06,IDA,,,,,,
66,LOX IMVI            ,30/1/17,SWATH,ProCan 5, Cell Study_Sample66,I:\MassspecCoreGroup\Data\Procan\Projects\Cell Study SWATH\Cell_Study_Data\Complete Dataset,,17/1/17,Cell Immortalization Study_Sample_66,,ProCan 2,SM,90 Min IDA_06,IDA,,,,,,
67,LOX SMC5A      ,30/1/17,SWATH,ProCan 5, Cell Study_Sample67,I:\MassspecCoreGroup\Data\Procan\Projects\Cell Study SWATH\Cell_Study_Data\Complete Dataset,,17/1/17,Cell Immortalization Study_Sample_67,,ProCan 2,SM,90 Min IDA_06,IDA,,,,,,
68,LOX SMC5B        ,30/1/17,SWATH,ProCan 5, Cell Study_Sample68,I:\MassspecCoreGroup\Data\Procan\Projects\Cell Study SWATH\Cell_Study_Data\Complete Dataset,,17/1/17,Cell Immortalization Study_Sample_68,,ProCan 2,SM,90 Min IDA_06,IDA,,,,,,
69,LOX TR6A3          ,30/1/17,SWATH,ProCan 5, Cell Study_Sample69,I:\MassspecCoreGroup\Data\Procan\Projects\Cell Study SWATH\Cell_Study_Data\Complete Dataset,,17/1/17,Cell Immortalization Study_Sample_69,,ProCan 2,SM,90 Min IDA_06,IDA,,,,,,
70,LOX TR7C1         ,30/1/17,SWATH,ProCan 5, Cell Study_Sample70,I:\MassspecCoreGroup\Data\Procan\Projects\Cell Study SWATH\Cell_Study_Data\Complete Dataset,,17/1/17,Cell Immortalization Study_Sample_70,,ProCan 2,SM,90 Min IDA_06,IDA,,,,,,
71,JFCF-6/T.5K-shATRX-2,30/1/17,SWATH,ProCan 5, Cell Study_Sample71,I:\MassspecCoreGroup\Data\Procan\Projects\Cell Study SWATH\Cell_Study_Data\Complete Dataset,,,,,,,,,,,,,,
73,JFCF-6/T.1/P-shDAXX,30/1/17,SWATH,ProCan 5, Cell Study_Sample73,I:\MassspecCoreGroup\Data\Procan\Projects\Cell Study SWATH\Cell_Study_Data\Complete Dataset,,,,,,,,,,,,,,
74,JFCF-6/T.5K-shDAXX,30/1/17,SWATH,ProCan 5, Cell Study_Sample74,I:\MassspecCoreGroup\Data\Procan\Projects\Cell Study SWATH\Cell_Study_Data\Complete Dataset,,,,,,,,,,,,,,
75,JFCF-6/T.1J/6G,30/1/17,SWATH,ProCan 5, Cell Study_Sample75,I:\MassspecCoreGroup\Data\Procan\Projects\Cell Study SWATH\Cell_Study_Data\Complete Dataset,,,,,,,,,,,,,,
77,JFCF-6/T.5K-sc2,30/1/17,SWATH,ProCan 5, Cell Study_Sample77,I:\MassspecCoreGroup\Data\Procan\Projects\Cell Study SWATH\Cell_Study_Data\Complete Dataset,,,,,,,,,,,,,,
78,JFCF-6/T.1/P-shATRX-4,30/1/17,SWATH,ProCan 5, Cell Study_Sample78,I:\MassspecCoreGroup\Data\Procan\Projects\Cell Study SWATH\Cell_Study_Data\Complete Dataset,,,,,,,,,,,,,,
79,JFCF-6/T.5K-shATRX-3,30/1/17,SWATH,ProCan 5, Cell Study_Sample79,I:\MassspecCoreGroup\Data\Procan\Projects\Cell Study SWATH\Cell_Study_Data\Complete Dataset,,,,,,,,,,,,,,
82,JFCF-6/T.1J/1D,31/1/17,SWATH,ProCan 5, Cell Study_Sample82,I:\MassspecCoreGroup\Data\Procan\Projects\Cell Study SWATH\Cell_Study_Data\Complete Dataset,,,,,,,,,,,,,,
83,JFCF-6/T.1J/9E,31/1/17,SWATH,ProCan 5, Cell Study_Sample83,I:\MassspecCoreGroup\Data\Procan\Projects\Cell Study SWATH\Cell_Study_Data\Complete Dataset,,,,,,,,,,,,,,
84,JFCF-6/T.1/P-shATRX-1,31/1/17,SWATH,ProCan 5, Cell Study_Sample84,I:\MassspecCoreGroup\Data\Procan\Projects\Cell Study SWATH\Cell_Study_Data\Complete Dataset,,,,,,,,,,,,,,
85,JFCF-6/T.1/P-shATRX-3,31/1/17,SWATH,ProCan 5,,,No peaks observed,,,,,,,,,,,,,
86,JFCF-6/T.5K-shATRX-4,31/1/17,SWATH,ProCan 5, Cell Study_Sample86,I:\MassspecCoreGroup\Data\Procan\Projects\Cell Study SWATH\Cell_Study_Data\Complete Dataset,,,,,,,,,,,,,,
87,JFCF-6/T.1/P-shATRX-2,31/1/17,SWATH,ProCan 5, Cell Study_Sample87,I:\MassspecCoreGroup\Data\Procan\Projects\Cell Study SWATH\Cell_Study_Data\Complete Dataset,,,,,,,,,,,,,,
89,JFCF-6/T.1J/5H,31/1/17,SWATH,ProCan 5, Cell Study_Sample89,I:\MassspecCoreGroup\Data\Procan\Projects\Cell Study SWATH\Cell_Study_Data\Complete Dataset,,,,,,,,,,,,,,
91,JFCF-6/T.1J/4D,31/1/17,SWATH,ProCan 5, Cell Study_Sample91,I:\MassspecCoreGroup\Data\Procan\Projects\Cell Study SWATH\Cell_Study_Data\Complete Dataset,,,,,,,,,,,,,,
92,JFCF-6/T.5K-shATRX-1,31/1/17,SWATH,ProCan 5, Cell Study_Sample92,I:\MassspecCoreGroup\Data\Procan\Projects\Cell Study SWATH\Cell_Study_Data\Complete Dataset,,,,,,,,,,,,,,
93,JFCF-6/T.1J/4F,31/1/17,SWATH,ProCan 5, Cell Study_Sample93,I:\MassspecCoreGroup\Data\Procan\Projects\Cell Study SWATH\Cell_Study_Data\Complete Dataset,,,,,,,,,,,,,,
94,JFCF-6/T.5K-vector,13/2/17,SWATH,ProCan 5, Cell_Study_Sample_94,I:\MassspecCoreGroup\Data\Procan\Projects\Cell Study SWATH\Cell_Study_Data\Complete Dataset,,,,,,,,,,,,,,
95,JFCF-6/T.1J/1-4D,13/2/17,SWATH,ProCan 5, Cell_Study_Sample_95,I:\MassspecCoreGroup\Data\Procan\Projects\Cell Study SWATH\Cell_Study_Data\Complete Dataset,,,,,,,,,,,,,,
96,JFCF-6/T.1J/1C,13/2/17,SWATH,ProCan 5, Cell_Study_Sample_96,I:\MassspecCoreGroup\Data\Procan\Projects\Cell Study SWATH\Cell_Study_Data\Complete Dataset,,,,,,,,,,,,,,
99,G292,13/2/17,SWATH,ProCan 5, Cell_Study_Sample_99,I:\MassspecCoreGroup\Data\Procan\Projects\Cell Study SWATH\Cell_Study_Data\Complete Dataset,,,,,,,,,,,,,,
100,SK-LU-1,13/2/17,SWATH,ProCan 5, Cell_Study_Sample_100,I:\MassspecCoreGroup\Data\Procan\Projects\Cell Study SWATH\Cell_Study_Data\Complete Dataset,,,,,,,,,,,,,,
103,JFCF-6/T.5K-sc1,13/2/17,SWATH,ProCan 5, Cell_Study_Sample_103,I:\MassspecCoreGroup\Data\Procan\Projects\Cell Study SWATH\Cell_Study_Data\Complete Dataset,,,,,,,,,,,,,,
108,SAOS-2,13/2/17,SWATH,ProCan 5, Cell_Study_Sample_108,I:\MassspecCoreGroup\Data\Procan\Projects\Cell Study SWATH\Cell_Study_Data\Complete Dataset,,,,,,,,,,,,,,
119,JFCF-6/T.1/P-EV,14/2/17,SWATH,ProCan 5, Cell_Study_Sample_119,I:\MassspecCoreGroup\Data\Procan\Projects\Cell Study SWATH\Cell_Study_Data\Complete Dataset,,,,,,,,,,,,,,
122,JFCF-6/T.5K-shATRX-2,14/2/17,SWATH,ProCan 5, Cell_Study_Sample_122,I:\MassspecCoreGroup\Data\Procan\Projects\Cell Study SWATH\Cell_Study_Data\Complete Dataset,,,,,,,,,,,,,,
124,JFCF-6/T.1/P-shDAXX,15/2/17,SWATH,ProCan 5, Cell_study_Sample_124,I:\MassspecCoreGroup\Data\Procan\Projects\Cell Study SWATH\Cell_Study_Data\Complete Dataset,,,,,,,,,,,,,,
125,JFCF-6/T.5K-shDAXX,15/2/17,SWATH,ProCan 5, Cell_study_Sample_125,I:\MassspecCoreGroup\Data\Procan\Projects\Cell Study SWATH\Cell_Study_Data\Complete Dataset,,,,,,,,,,,,,,
126,JFCF-6/T.1J/6G,15/2/17,SWATH,ProCan 5, Cell_study_Sample_126,I:\MassspecCoreGroup\Data\Procan\Projects\Cell Study SWATH\Cell_Study_Data\Complete Dataset,,,,,,,,,,,,,,
128,JFCF-6/T.5K-sc2,15/2/17,SWATH,ProCan 5, Cell_study_Sample_128,I:\MassspecCoreGroup\Data\Procan\Projects\Cell Study SWATH\Cell_Study_Data\Complete Dataset,,,,,,,,,,,,,,
129,JFCF-6/T.1/P-shATRX-4,15/2/17,SWATH,ProCan 5, Cell_study_Sample_129,I:\MassspecCoreGroup\Data\Procan\Projects\Cell Study SWATH\Cell_Study_Data\Complete Dataset,,,,,,,,,,,,,,
130,JFCF-6/T.5K-shATRX-3,15/2/17,SWATH,ProCan 5, Cell_study_Sample_130,I:\MassspecCoreGroup\Data\Procan\Projects\Cell Study SWATH\Cell_Study_Data\Complete Dataset,,,,,,,,,,,,,,
133,JFCF-6/T.1J/1D,15/2/17,SWATH,ProCan 5, Cell_study_Sample_133,I:\MassspecCoreGroup\Data\Procan\Projects\Cell Study SWATH\Cell_Study_Data\Complete Dataset,,20/2/17,,,ProCan 5,,,,,,,,,
134,JFCF-6/T.1J/9E,15/2/17,SWATH,ProCan 5, Cell_study_Sample_134,I:\MassspecCoreGroup\Data\Procan\Projects\Cell Study SWATH\Cell_Study_Data\Complete Dataset,,20/2/17,,,ProCan 5,,,,,,,,,
135,JFCF-6/T.1/P-shATRX-1,15/2/17,SWATH,ProCan 5, Cell_study_Sample_135,I:\MassspecCoreGroup\Data\Procan\Projects\Cell Study SWATH\Cell_Study_Data\Complete Dataset,,20/2/17,,,ProCan 5,,,,,,,,,
136,JFCF-6/T.1/P-shATRX-3,15/2/17,SWATH,ProCan 5, Cell_study_Sample_136,I:\MassspecCoreGroup\Data\Procan\Projects\Cell Study SWATH\Cell_Study_Data\Complete Dataset,,20/2/17,,,ProCan 5,,,,,,,,,
137,JFCF-6/T.5K-shATRX-4,15/2/17,SWATH,ProCan 5, Cell_study_Sample_137,I:\MassspecCoreGroup\Data\Procan\Projects\Cell Study SWATH\Cell_Study_Data\Complete Dataset,,20/2/17,,,ProCan 5,,,,,,,,,
138,JFCF-6/T.1/P-shATRX-2,15/2/17,SWATH,ProCan 5, Cell_study_Sample_138,I:\MassspecCoreGroup\Data\Procan\Projects\Cell Study SWATH\Cell_Study_Data\Complete Dataset,,20/2/17,,,ProCan 5,,,,,,,,,
140,JFCF-6/T.1J/5H,15/2/17,SWATH,ProCan 5, Cell_study_Sample_140,I:\MassspecCoreGroup\Data\Procan\Projects\Cell Study SWATH\Cell_Study_Data\Complete Dataset,,20/2/17,,,ProCan 5,,,,,,,,,
142,JFCF-6/T.1J/4D,15/2/17,SWATH,ProCan 5, Cell_study_Sample_142,I:\MassspecCoreGroup\Data\Procan\Projects\Cell Study SWATH\Cell_Study_Data\Complete Dataset,,20/2/17,,,ProCan 5,,,,,,,,,
143,JFCF-6/T.5K-shATRX-1,15/2/17,SWATH,ProCan 5, Cell_study_Sample_143,I:\MassspecCoreGroup\Data\Procan\Projects\Cell Study SWATH\Cell_Study_Data\Complete Dataset,,20/2/17,,,ProCan 5,,,,,,,,,
144,JFCF-6/T.1J/4F,15/2/17,SWATH,ProCan 5, Cell_study_Sample_144,I:\MassspecCoreGroup\Data\Procan\Projects\Cell Study SWATH\Cell_Study_Data\Complete Dataset,,20/2/17,,,ProCan 5,,,,,,,,,
145,JFCF-6/T.5K-vector,15/2/17,SWATH,ProCan 5, Cell_study_Sample_145,I:\MassspecCoreGroup\Data\Procan\Projects\Cell Study SWATH\Cell_Study_Data\Complete Dataset,,,,,,,,,,,,,,
146,JFCF-6/T.1J/1-4D,15/2/17,SWATH,ProCan 5, Cell_study_Sample_146,I:\MassspecCoreGroup\Data\Procan\Projects\Cell Study SWATH\Cell_Study_Data\Complete Dataset,,,,,,,,,,,,,,
147,JFCF-6/T.1J/1C,15/2/17,SWATH,ProCan 5, Cell_study_Sample_147,I:\MassspecCoreGroup\Data\Procan\Projects\Cell Study SWATH\Cell_Study_Data\Complete Dataset,,,,,,,,,,,,,,
150,G292,17/2/17,SWATH,ProCan 5, Cell_Study_Sample_150,I:\MassspecCoreGroup\Data\Procan\Projects\Cell Study SWATH\Cell_Study_Data\Complete Dataset,,,,,,,,,,,,,,
151,SK-LU-1,17/2/17,SWATH,ProCan 5, Cell_Study_Sample_151,I:\MassspecCoreGroup\Data\Procan\Projects\Cell Study SWATH\Cell_Study_Data\Complete Dataset,,,,,,,,,,,,,,
154,JFCF-6/T.5K-sc1,17/2/17,SWATH,ProCan 5, Cell_Study_Sample_154,I:\MassspecCoreGroup\Data\Procan\Projects\Cell Study SWATH\Cell_Study_Data\Complete Dataset,,,,,,,,,,,,,,
161,JFCF-6/T.1J/12E,17/2/17,SWATH,ProCan 5, Cell_Study_Sample_161,I:\MassspecCoreGroup\Data\Procan\Projects\Cell Study SWATH\Cell_Study_Data\Complete Dataset,,,,,,,,,,,,,,
163,SAOS-2,17/2/17,SWATH,ProCan 5, Cell_Study_Sample_163,I:\MassspecCoreGroup\Data\Procan\Projects\Cell Study SWATH\Cell_Study_Data\Complete Dataset,,,,,,,,,,,,,,
174,JFCF-6/T.1/P-EV,22/2/17,SWATH,ProCan 5, Cell_Study_Sample_174,I:\MassspecCoreGroup\Data\Procan\Projects\Cell Study SWATH\Cell_Study_Data\Complete Dataset,,21/2/17,,,ProCan 5,,,,,,,,,
177,CHLA 291,22/2/17,SWATH,ProCan 5, Cell_Study_Sample_177,I:\MassspecCoreGroup\Data\Procan\Projects\Cell Study SWATH\Cell_Study_Data\Complete Dataset,,,,,,,,,,,,,,
178,CHLA 90,22/2/17,SWATH,ProCan 5, Cell_Study_Sample_178,I:\MassspecCoreGroup\Data\Procan\Projects\Cell Study SWATH\Cell_Study_Data\Complete Dataset,,,,,,,,,,,,,,
179,SK-N-FI,22/2/17,SWATH,ProCan 5, Cell_Study_Sample_179,I:\MassspecCoreGroup\Data\Procan\Projects\Cell Study SWATH\Cell_Study_Data\Complete Dataset,,,,,,,,,,,,,,
180,LAN-6,22/2/17,SWATH,ProCan 5, Cell_Study_Sample_180,I:\MassspecCoreGroup\Data\Procan\Projects\Cell Study SWATH\Cell_Study_Data\Complete Dataset,,,,,,,,,,,,,,
181,SK-N-BE2c,22/2/17,SWATH,ProCan 5, Cell_Study_Sample_181,I:\MassspecCoreGroup\Data\Procan\Projects\Cell Study SWATH\Cell_Study_Data\Complete Dataset,,,,,,,,,,,,,,
182,SH-SY5Y,22/2/17,SWATH,ProCan 5, Cell_Study_Sample_182,I:\MassspecCoreGroup\Data\Procan\Projects\Cell Study SWATH\Cell_Study_Data\Complete Dataset,,,,,,,,,,,,,,
183,LOX IMVI            ,22/2/17,SWATH,ProCan 5, Cell_Study_Sample_183,I:\MassspecCoreGroup\Data\Procan\Projects\Cell Study SWATH\Cell_Study_Data\Complete Dataset,,,,,,,,,,,,,,
184,LOX SMC5A      ,23/2/17,SWATH,ProCan 5, Cell_Study_SWATH_Sample 184,I:\MassspecCoreGroup\Data\Procan\Projects\Cell Study SWATH\Cell_Study_Data\Complete Dataset,,,,,,,,,,,,,,
185,LOX SMC5B        ,23/2/17,SWATH,ProCan 5, Cell_Study_SWATH_Sample 185,I:\MassspecCoreGroup\Data\Procan\Projects\Cell Study SWATH\Cell_Study_Data\Complete Dataset,,,,,,,,,,,,,,
186,LOX TR6A3          ,23/2/17,SWATH,ProCan 5, Cell_Study_SWATH_Sample 186,I:\MassspecCoreGroup\Data\Procan\Projects\Cell Study SWATH\Cell_Study_Data\Complete Dataset,,,,,,,,,,,,,,
187,LOX TR7C1         ,23/2/17,SWATH,ProCan 5, Cell_Study_SWATH_Sample 187,I:\MassspecCoreGroup\Data\Procan\Projects\Cell Study SWATH\Cell_Study_Data\Complete Dataset,,,,,,,,,,,,,,
188,CHLA 291,23/2/17,SWATH,ProCan 5, Cell_Study_SWATH_Sample 188,I:\MassspecCoreGroup\Data\Procan\Projects\Cell Study SWATH\Cell_Study_Data\Complete Dataset,,,,,,,,,,,,,,
189,CHLA 90,23/2/17,SWATH,ProCan 5, Cell_Study_SWATH_Sample 189,I:\MassspecCoreGroup\Data\Procan\Projects\Cell Study SWATH\Cell_Study_Data\Complete Dataset,,,,,,,,,,,,,,
190,SK-N-FI,23/2/17,SWATH,ProCan 5, Cell_Study_SWATH_Sample 190,I:\MassspecCoreGroup\Data\Procan\Projects\Cell Study SWATH\Cell_Study_Data\Complete Dataset,,,,,,,,,,,,,,
191,LAN-6,23/2/17,SWATH,ProCan 5, Cell_Study_SWATH_Sample 191,I:\MassspecCoreGroup\Data\Procan\Projects\Cell Study SWATH\Cell_Study_Data\Complete Dataset,,,,,,,,,,,,,,
192,SK-N-BE2c,23/2/17,SWATH,ProCan 5, Cell_Study_SWATH_Sample 192,I:\MassspecCoreGroup\Data\Procan\Projects\Cell Study SWATH\Cell_Study_Data\Complete Dataset,,,,,,,,,,,,,,
193,SH-SY5Y,23/2/17,SWATH,ProCan 5, Cell_Study_SWATH_Sample 193,I:\MassspecCoreGroup\Data\Procan\Projects\Cell Study SWATH\Cell_Study_Data\Complete Dataset,,,,,,,,,,,,,,
194,LOX IMVI            ,23/2/17,SWATH,ProCan 5, Cell_Study_SWATH_Sample 194,I:\MassspecCoreGroup\Data\Procan\Projects\Cell Study SWATH\Cell_Study_Data\Complete Dataset,,,,,,,,,,,,,,
195,LOX SMC5A      ,23/2/17,SWATH,ProCan 5, Cell_Study_SWATH_Sample 195,I:\MassspecCoreGroup\Data\Procan\Projects\Cell Study SWATH\Cell_Study_Data\Complete Dataset,,,,,,,,,,,,,,
196,LOX SMC5B        ,23/2/17,SWATH,ProCan 5, Cell_Study_SWATH_Sample 196,I:\MassspecCoreGroup\Data\Procan\Projects\Cell Study SWATH\Cell_Study_Data\Complete Dataset,,,,,,,,,,,,,,
197,LOX TR6A3          ,23/2/17,SWATH,ProCan 5, Cell_Study_SWATH_Sample 197,I:\MassspecCoreGroup\Data\Procan\Projects\Cell Study SWATH\Cell_Study_Data\Complete Dataset,,,,,,,,,,,,,,
198,LOX TR7C1         ,23/2/17,SWATH,ProCan 5, Cell_Study_SWATH_Sample 198,I:\MassspecCoreGroup\Data\Procan\Projects\Cell Study SWATH\Cell_Study_Data\Complete Dataset,,,,,,,,,,,,,,
199,Calu-1,16/8/17,SWATH,ProCan 5,170816_SM_Cell_Study_SWATH_Sample_199,I:\MassspecCoreGroup\Data\Procan\Projects\Cell Study SWATH\Cell_Study_Data\Complete Dataset,,,,,,,,,,,,,,
200,AG11395,16/8/17,SWATH,ProCan 5,170816_SM_Cell_Study_SWATH_Sample_200,I:\MassspecCoreGroup\Data\Procan\Projects\Cell Study SWATH\Cell_Study_Data\Complete Dataset,,,,,,,,,,,,,,
201,A427,16/8/17,SWATH,ProCan 5,170816_SM_Cell_Study_SWATH_Sample_201,I:\MassspecCoreGroup\Data\Procan\Projects\Cell Study SWATH\Cell_Study_Data\Complete Dataset,,,,,,,,,,,,,,
202,Caski,16/8/17,SWATH,ProCan 5,170816_SM_Cell_Study_SWATH_Sample_202,I:\MassspecCoreGroup\Data\Procan\Projects\Cell Study SWATH\Cell_Study_Data\Complete Dataset,,,,,,,,,,,,,,
203,U2OS,16/8/17,SWATH,ProCan 5,170816_SM_Cell_Study_SWATH_Sample_203,I:\MassspecCoreGroup\Data\Procan\Projects\Cell Study SWATH\Cell_Study_Data\Complete Dataset,,,,,,,,,,,,,,
204,KPD,16/8/17,SWATH,ProCan 5,170816_SM_Cell_Study_SWATH_Sample_204,I:\MassspecCoreGroup\Data\Procan\Projects\Cell Study SWATH\Cell_Study_Data\Complete Dataset,,,,,,,,,,,,,,
205,ZK-58,16/8/17,SWATH,ProCan 5,170816_SM_Cell_Study_SWATH_Sample_205,I:\MassspecCoreGroup\Data\Procan\Projects\Cell Study SWATH\Cell_Study_Data\Complete Dataset,,,,,,,,,,,,,,
206,T-1000,16/8/17,SWATH,ProCan 5,170816_SM_Cell_Study_SWATH_Sample_206,I:\MassspecCoreGroup\Data\Procan\Projects\Cell Study SWATH\Cell_Study_Data\Complete Dataset,,,,,,,,,,,,,,
207,DOS16,16/8/17,SWATH,ProCan 5,170816_SM_Cell_Study_SWATH_Sample_207,I:\MassspecCoreGroup\Data\Procan\Projects\Cell Study SWATH\Cell_Study_Data\Complete Dataset,,,,,,,,,,,,,,
208,VL-7/4,16/8/17,SWATH,ProCan 5,170816_SM_Cell_Study_SWATH_Sample_208,I:\MassspecCoreGroup\Data\Procan\Projects\Cell Study SWATH\Cell_Study_Data\Complete Dataset,,,,,,,,,,,,,,
209,WMM1175,16/8/17,SWATH,ProCan 5,170816_SM_Cell_Study_SWATH_Sample_209,I:\MassspecCoreGroup\Data\Procan\Projects\Cell Study SWATH\Cell_Study_Data\Complete Dataset,,,,,,,,,,,,,,
210,NCCIT,16/8/17,SWATH,ProCan 5,170816_SM_Cell_Study_SWATH_Sample_210,I:\MassspecCoreGroup\Data\Procan\Projects\Cell Study SWATH\Cell_Study_Data\Complete Dataset,,,,,,,,,,,,,,
211,ECC1,16/8/17,SWATH,ProCan 5,170816_SM_Cell_Study_SWATH_Sample_211,I:\MassspecCoreGroup\Data\Procan\Projects\Cell Study SWATH\Cell_Study_Data\Complete Dataset,,,,,,,,,,,,,,
212,ZR-75-1,16/8/17,SWATH,ProCan 5,170816_SM_Cell_Study_SWATH_Sample_212,I:\MassspecCoreGroup\Data\Procan\Projects\Cell Study SWATH\Cell_Study_Data\Complete Dataset,,,,,,,,,,,,,,
213,SJSA-1,16/8/17,SWATH,ProCan 5,170816_SM_Cell_Study_SWATH_Sample_213,I:\MassspecCoreGroup\Data\Procan\Projects\Cell Study SWATH\Cell_Study_Data\Complete Dataset,,,,,,,,,,,,,,
214,TE-85,16/8/17,SWATH,ProCan 5,170816_SM_Cell_Study_SWATH_Sample_214,I:\MassspecCoreGroup\Data\Procan\Projects\Cell Study SWATH\Cell_Study_Data\Complete Dataset,,,,,,,,,,,,,,
215,SW1222,16/8/17,SWATH,ProCan 5,170816_SM_Cell_Study_SWATH_Sample_215,I:\MassspecCoreGroup\Data\Procan\Projects\Cell Study SWATH\Cell_Study_Data\Complete Dataset,,,,,,,,,,,,,,
216,Calu-1,16/8/17,SWATH,ProCan 5,170816_SM_Cell_Study_SWATH_Sample_216,I:\MassspecCoreGroup\Data\Procan\Projects\Cell Study SWATH\Cell_Study_Data\Complete Dataset,,,,,,,,,,,,,,
217,AG11395,16/8/17,SWATH,ProCan 5,170816_SM_Cell_Study_SWATH_Sample_217,I:\MassspecCoreGroup\Data\Procan\Projects\Cell Study SWATH\Cell_Study_Data\Complete Dataset,,,,,,,,,,,,,,
218,A427,16/8/17,SWATH,ProCan 5,170816_SM_Cell_Study_SWATH_Sample_218,I:\MassspecCoreGroup\Data\Procan\Projects\Cell Study SWATH\Cell_Study_Data\Complete Dataset,,,,,,,,,,,,,,
219,Caski,16/8/17,SWATH,ProCan 5,170816_SM_Cell_Study_SWATH_Sample_219,I:\MassspecCoreGroup\Data\Procan\Projects\Cell Study SWATH\Cell_Study_Data\Complete Dataset,,,,,,,,,,,,,,
220,U2OS,16/8/17,SWATH,ProCan 5,170816_SM_Cell_Study_SWATH_Sample_220,I:\MassspecCoreGroup\Data\Procan\Projects\Cell Study SWATH\Cell_Study_Data\Complete Dataset,,,,,,,,,,,,,,
221,KPD,18/8/17,SWATH,ProCan 5,170818_SM_Cell_Study_SWATH_Sample_221,I:\MassspecCoreGroup\Data\Procan\Projects\Cell Study SWATH\Cell_Study_Data\Complete Dataset,,,,,,,,,,,,,,
222,ZK-58,18/8/17,SWATH,ProCan 5,170818_SM_Cell_Study_SWATH_Sample_222,I:\MassspecCoreGroup\Data\Procan\Projects\Cell Study SWATH\Cell_Study_Data\Complete Dataset,,,,,,,,,,,,,,
223,T-1000,18/8/17,SWATH,ProCan 5,170818_SM_Cell_Study_SWATH_Sample_223,I:\MassspecCoreGroup\Data\Procan\Projects\Cell Study SWATH\Cell_Study_Data\Complete Dataset,,,,,,,,,,,,,,
224,DOS16,18/8/17,SWATH,ProCan 5,170818_SM_Cell_Study_SWATH_Sample_224,I:\MassspecCoreGroup\Data\Procan\Projects\Cell Study SWATH\Cell_Study_Data\Complete Dataset,,,,,,,,,,,,,,
225,VL-7/4,18/8/17,SWATH,ProCan 5,170818_SM_Cell_Study_SWATH_Sample_225,I:\MassspecCoreGroup\Data\Procan\Projects\Cell Study SWATH\Cell_Study_Data\Complete Dataset,,,,,,,,,,,,,,
226,WMM1175,18/8/17,SWATH,ProCan 5,170818_SM_Cell_Study_SWATH_Sample_226,I:\MassspecCoreGroup\Data\Procan\Projects\Cell Study SWATH\Cell_Study_Data\Complete Dataset,,,,,,,,,,,,,,
227,NCCIT,18/8/17,SWATH,ProCan 5,170818_SM_Cell_Study_SWATH_Sample_227,I:\MassspecCoreGroup\Data\Procan\Projects\Cell Study SWATH\Cell_Study_Data\Complete Dataset,,,,,,,,,,,,,,
228,ECC1,18/8/17,SWATH,ProCan 5,170818_SM_Cell_Study_SWATH_Sample_228,I:\MassspecCoreGroup\Data\Procan\Projects\Cell Study SWATH\Cell_Study_Data\Complete Dataset,,,,,,,,,,,,,,
229,ZR-75-1,18/8/17,SWATH,ProCan 5,170818_SM_Cell_Study_SWATH_Sample_229,I:\MassspecCoreGroup\Data\Procan\Projects\Cell Study SWATH\Cell_Study_Data\Complete Dataset,,,,,,,,,,,,,,
230,SJSA-1,18/8/17,SWATH,ProCan 5,170818_SM_Cell_Study_SWATH_Sample_230,I:\MassspecCoreGroup\Data\Procan\Projects\Cell Study SWATH\Cell_Study_Data\Complete Dataset,,,,,,,,,,,,,,
231,TE-85,18/8/17,SWATH,ProCan 5,170818_SM_Cell_Study_SWATH_Sample_231,I:\MassspecCoreGroup\Data\Procan\Projects\Cell Study SWATH\Cell_Study_Data\Complete Dataset,,,,,,,,,,,,,,
232,SW1222,18/8/17,SWATH,ProCan 5,170818_SM_Cell_Study_SWATH_Sample_232,I:\MassspecCoreGroup\Data\Procan\Projects\Cell Study SWATH\Cell_Study_Data\Complete Dataset,,,,,,,,,,,,,,
233,Calu-1,18/8/17,SWATH,ProCan 5,170818_SM_Cell_Study_SWATH_Sample_233,I:\MassspecCoreGroup\Data\Procan\Projects\Cell Study SWATH\Cell_Study_Data\Complete Dataset,,,,,,,,,,,,,,
234,AG11395,18/8/17,SWATH,ProCan 5,170818_SM_Cell_Study_SWATH_Sample_234,I:\MassspecCoreGroup\Data\Procan\Projects\Cell Study SWATH\Cell_Study_Data\Complete Dataset,,,,,,,,,,,,,,
235,A427,18/8/17,SWATH,ProCan 5,170818_SM_Cell_Study_SWATH_Sample_235,I:\MassspecCoreGroup\Data\Procan\Projects\Cell Study SWATH\Cell_Study_Data\Complete Dataset,,,,,,,,,,,,,,
236,Caski,29/12/17,SWATH,ProCan 5,171229_SM_PC5_S_Cell_Study_Sample_236,I:\MassspecCoreGroup\Data\Procan\Projects\Cell Study SWATH\Cell_Study_Data\Complete Dataset,,30/12/17,171230_SM_PC3_IDA_Cell_study_Sample_236,I:\MassspecCoreGroup\Data\Procan\Procan3\SM\Data\171230,,,,,,,,,,
237,U2OS,29/12/17,SWATH,ProCan 5,171229_SM_PC5_S_Cell_Study_Sample_237,I:\MassspecCoreGroup\Data\Procan\Projects\Cell Study SWATH\Cell_Study_Data\Complete Dataset,,30/12/17,171230_SM_PC3_IDA_Cell_study_Sample_237,I:\MassspecCoreGroup\Data\Procan\Procan3\SM\Data\171230,,,,,,,,,,
238,KPD,29/12/17,SWATH,ProCan 5,171229_SM_PC5_S_Cell_Study_Sample_238,I:\MassspecCoreGroup\Data\Procan\Projects\Cell Study SWATH\Cell_Study_Data\Complete Dataset,,30/12/17,171230_SM_PC3_IDA_Cell_study_Sample_238,I:\MassspecCoreGroup\Data\Procan\Procan3\SM\Data\171230,,,,,,,,,,
239,ZK-58,29/12/17,SWATH,ProCan 5,171229_SM_PC5_S_Cell_Study_Sample_239,I:\MassspecCoreGroup\Data\Procan\Projects\Cell Study SWATH\Cell_Study_Data\Complete Dataset,,30/12/17,171230_SM_PC3_IDA_Cell_study_Sample_239,I:\MassspecCoreGroup\Data\Procan\Procan3\SM\Data\171230,,,,,,,,,,
240,T-1000,29/12/17,SWATH,ProCan 5,171229_SM_PC5_S_Cell_Study_Sample_240,I:\MassspecCoreGroup\Data\Procan\Projects\Cell Study SWATH\Cell_Study_Data\Complete Dataset,,30/12/17,171230_SM_PC3_IDA_Cell_study_Sample_240,I:\MassspecCoreGroup\Data\Procan\Procan3\SM\Data\171230,,,,,,,,,,
241,DOS16,29/12/17,SWATH,ProCan 5,171229_SM_PC5_S_Cell_Study_Sample_241,I:\MassspecCoreGroup\Data\Procan\Projects\Cell Study SWATH\Cell_Study_Data\Complete Dataset,,30/12/17,171230_SM_PC3_IDA_Cell_study_Sample_241,I:\MassspecCoreGroup\Data\Procan\Procan3\SM\Data\171230,,,,,,,,,,
242,VL-7/4,29/12/17,SWATH,ProCan 5,171229_SM_PC5_S_Cell_Study_Sample_242,I:\MassspecCoreGroup\Data\Procan\Projects\Cell Study SWATH\Cell_Study_Data\Complete Dataset,,30/12/17,171230_SM_PC3_IDA_Cell_study_Sample_242,I:\MassspecCoreGroup\Data\Procan\Procan3\SM\Data\171230,,,,,,,,,,
243,WMM1175,29/12/17,SWATH,ProCan 5,171229_SM_PC5_S_Cell_Study_Sample_243,I:\MassspecCoreGroup\Data\Procan\Projects\Cell Study SWATH\Cell_Study_Data\Complete Dataset,,30/12/17,171230_SM_PC3_IDA_Cell_study_Sample_243,I:\MassspecCoreGroup\Data\Procan\Procan3\SM\Data\171230,,,,,,,,,,
244,NCCIT,29/12/17,SWATH,ProCan 5,171229_SM_PC5_S_Cell_Study_Sample_244,I:\MassspecCoreGroup\Data\Procan\Projects\Cell Study SWATH\Cell_Study_Data\Complete Dataset,,30/12/17,171230_SM_PC3_IDA_Cell_study_Sample_244,I:\MassspecCoreGroup\Data\Procan\Procan3\SM\Data\171230,,,,,,,,,,
245,ECC1,29/12/17,SWATH,ProCan 5,171229_SM_PC5_S_Cell_Study_Sample_245,I:\MassspecCoreGroup\Data\Procan\Projects\Cell Study SWATH\Cell_Study_Data\Complete Dataset,,30/12/17,171230_SM_PC3_IDA_Cell_study_Sample_245,I:\MassspecCoreGroup\Data\Procan\Procan3\SM\Data\171230,,,,,,,,,,
246,ZR-75-1,29/12/17,SWATH,ProCan 5,171229_SM_PC5_S_Cell_Study_Sample_246,I:\MassspecCoreGroup\Data\Procan\Projects\Cell Study SWATH\Cell_Study_Data\Complete Dataset,,30/12/17,171230_SM_PC3_IDA_Cell_study_Sample_246,I:\MassspecCoreGroup\Data\Procan\Procan3\SM\Data\171230,,,,,,,,,,
247,SJSA-1,29/12/17,SWATH,ProCan 5,171229_SM_PC5_S_Cell_Study_Sample_247,I:\MassspecCoreGroup\Data\Procan\Projects\Cell Study SWATH\Cell_Study_Data\Complete Dataset,,30/12/17,171230_SM_PC3_IDA_Cell_study_Sample_247,I:\MassspecCoreGroup\Data\Procan\Procan3\SM\Data\171230,,,,,,,,,,
248,TE-85,29/12/17,SWATH,ProCan 5,171229_SM_PC5_S_Cell_Study_Sample_248,I:\MassspecCoreGroup\Data\Procan\Projects\Cell Study SWATH\Cell_Study_Data\Complete Dataset,,30/12/17,171230_SM_PC3_IDA_Cell_study_Sample_248,I:\MassspecCoreGroup\Data\Procan\Procan3\SM\Data\171230,,,,,,,,,,
249,SW1222,12/1/18,SWATH,ProCan 5,180112_SM_PC5_S_Cell_Study_Sample_repeat_249,I:\MassspecCoreGroup\Data\Procan\Projects\Cell Study SWATH\Cell_Study_Data\Complete Dataset,,30/12/17,171230_SM_PC3_IDA_Cell_study_Sample_249,I:\MassspecCoreGroup\Data\Procan\Procan3\SM\Data\171230,,,,,,,,,,
250,SK-N-SH_A,29/12/17,SWATH,ProCan 5,171229_SM_PC5_S_Cell_Study_Sample_250,I:\MassspecCoreGroup\Data\Procan\Projects\Cell Study SWATH\Cell_Study_Data\Complete Dataset,,30/12/17,171230_SM_PC3_IDA_Cell_study_Sample_250,I:\MassspecCoreGroup\Data\Procan\Procan3\SM\Data\171230,,,,,,,,,,
251,A549_A,17/12/17,SWATH,ProCan 5,171217_SM_PC5_S_Cell_Study_Sample_251,I:\MassspecCoreGroup\Data\Procan\Projects\Cell Study SWATH\Cell_Study_Data\Complete Dataset,,,,,,,,,,,,,,
252,Calu-6_A,17/12/17,SWATH,ProCan 5,171217_SM_PC5_S_Cell_Study_Sample_252,I:\MassspecCoreGroup\Data\Procan\Projects\Cell Study SWATH\Cell_Study_Data\Complete Dataset,,,,,,,,,,,,,,
253,143B_A,17/12/17,SWATH,ProCan 5,171217_SM_PC5_S_Cell_Study_Sample_253,I:\MassspecCoreGroup\Data\Procan\Projects\Cell Study SWATH\Cell_Study_Data\Complete Dataset,,,,,,,,,,,,,,
254,Hs729_A,17/12/17,SWATH,ProCan 5,171217_SM_PC5_S_Cell_Study_Sample_254,I:\MassspecCoreGroup\Data\Procan\Projects\Cell Study SWATH\Cell_Study_Data\Complete Dataset,,,,,,,,,,,,,,
255,Hs294T_A,17/12/17,SWATH,ProCan 5,171217_SM_PC5_S_Cell_Study_Sample_255,I:\MassspecCoreGroup\Data\Procan\Projects\Cell Study SWATH\Cell_Study_Data\Complete Dataset,,,,,,,,,,,,,,
257,SW982_A,17/12/17,SWATH,ProCan 5,171217_SM_PC5_S_Cell_Study_Sample_257,I:\MassspecCoreGroup\Data\Procan\Projects\Cell Study SWATH\Cell_Study_Data\Complete Dataset,,,,,,,,,,,,,,
258,JFCF-6/SUPT.1L_A,17/12/17,SWATH,ProCan 5,171217_SM_PC5_S_Cell_Study_Sample_258,I:\MassspecCoreGroup\Data\Procan\Projects\Cell Study SWATH\Cell_Study_Data\Complete Dataset,,,,,,,,,,,,,,
259,Si-Ha_A,17/12/17,SWATH,ProCan 5,171217_SM_PC5_S_Cell_Study_Sample_259,I:\MassspecCoreGroup\Data\Procan\Projects\Cell Study SWATH\Cell_Study_Data\Complete Dataset,,,,,,,,,,,,,,
260,MCF7_A,17/12/17,SWATH,ProCan 5,171217_SM_PC5_S_Cell_Study_Sample_260,I:\MassspecCoreGroup\Data\Procan\Projects\Cell Study SWATH\Cell_Study_Data\Complete Dataset,,,,,,,,,,,,,,
261,SK-N-AS_A,17/12/17,SWATH,ProCan 5,171217_SM_PC5_S_Cell_Study_Sample_261,I:\MassspecCoreGroup\Data\Procan\Projects\Cell Study SWATH\Cell_Study_Data\Complete Dataset,,,,,,,,,,,,,,
262,SK-N-MC_A,17/12/17,SWATH,ProCan 5,171217_SM_PC5_S_Cell_Study_Sample_262,I:\MassspecCoreGroup\Data\Procan\Projects\Cell Study SWATH\Cell_Study_Data\Complete Dataset,,,,,,,,,,,,,,
263,Hela_A,17/12/17,SWATH,ProCan 5,171217_SM_PC5_S_Cell_Study_Sample_263,I:\MassspecCoreGroup\Data\Procan\Projects\Cell Study SWATH\Cell_Study_Data\Complete Dataset,,,,,,,,,,,,,,
264,A2182_A,17/12/17,SWATH,ProCan 5,171217_SM_PC5_S_Cell_Study_Sample_264,I:\MassspecCoreGroup\Data\Procan\Projects\Cell Study SWATH\Cell_Study_Data\Complete Dataset,,,,,,,,,,,,,,
265,SW620_A,17/12/17,SWATH,ProCan 5,171217_SM_PC5_S_Cell_Study_Sample_265,I:\MassspecCoreGroup\Data\Procan\Projects\Cell Study SWATH\Cell_Study_Data\Complete Dataset,,,,,,,,,,,,,,
266,BT-549_A,31/12/17,SWATH,ProCan 5,171231_SM_PC5_S_Cell_Study_Sample_266,I:\MassspecCoreGroup\Data\Procan\Projects\Cell Study SWATH\Cell_Study_Data\Complete Dataset,,,,,,,,,,,,,,
267,HT1080_A,31/12/17,SWATH,ProCan 5,171231_SM_PC5_S_Cell_Study_Sample_267,I:\MassspecCoreGroup\Data\Procan\Projects\Cell Study SWATH\Cell_Study_Data\Complete Dataset,,,,,,,,,,,,,,
268,MG63_A,31/12/17,SWATH,ProCan 5,171231_SM_PC5_S_Cell_Study_Sample_268,I:\MassspecCoreGroup\Data\Procan\Projects\Cell Study SWATH\Cell_Study_Data\Complete Dataset,,,,,,,,,,,,,,
269,LMR-32_A,31/12/17,SWATH,ProCan 5,171231_SM_PC5_S_Cell_Study_Sample_269,I:\MassspecCoreGroup\Data\Procan\Projects\Cell Study SWATH\Cell_Study_Data\Complete Dataset,,,,,,,,,,,,,,
270,HOS_A,31/12/17,SWATH,ProCan 5,171231_SM_PC5_S_Cell_Study_Sample_270,I:\MassspecCoreGroup\Data\Procan\Projects\Cell Study SWATH\Cell_Study_Data\Complete Dataset,,,,,,,,,,,,,,
271,SK-N-DZ_A,31/12/17,SWATH,ProCan 5,171231_SM_PC5_S_Cell_Study_Sample_271,I:\MassspecCoreGroup\Data\Procan\Projects\Cell Study SWATH\Cell_Study_Data\Complete Dataset,,,,,,,,,,,,,,
272,HAL_A,31/12/17,SWATH,ProCan 5,171231_SM_PC5_S_Cell_Study_Sample_272,I:\MassspecCoreGroup\Data\Procan\Projects\Cell Study SWATH\Cell_Study_Data\Complete Dataset,,,,,,,,,,,,,,
273,T-47D_A,31/12/17,SWATH,ProCan 5,171231_SM_PC5_S_Cell_Study_Sample_273,I:\MassspecCoreGroup\Data\Procan\Projects\Cell Study SWATH\Cell_Study_Data\Complete Dataset,,,,,,,,,,,,,,
274,A172_A,31/12/17,SWATH,ProCan 5,171231_SM_PC5_S_Cell_Study_Sample_274,I:\MassspecCoreGroup\Data\Procan\Projects\Cell Study SWATH\Cell_Study_Data\Complete Dataset,,,,,,,,,,,,,,
275,JFCF-6/SUPT.1I_A,31/12/17,SWATH,ProCan 5,171231_SM_PC5_S_Cell_Study_Sample_275,I:\MassspecCoreGroup\Data\Procan\Projects\Cell Study SWATH\Cell_Study_Data\Complete Dataset,,,,,,,,,,,,,,
276,JFCF-6/SUPT.1G_A,31/12/17,SWATH,ProCan 5,171231_SM_PC5_S_Cell_Study_Sample_276,I:\MassspecCoreGroup\Data\Procan\Projects\Cell Study SWATH\Cell_Study_Data\Complete Dataset,,,,,,,,,,,,,,
277,SK-N-SH_A,31/12/17,SWATH,ProCan 5,171231_SM_PC5_S_Cell_Study_Sample_277,I:\MassspecCoreGroup\Data\Procan\Projects\Cell Study SWATH\Cell_Study_Data\Complete Dataset,,,,,,,,,,,,,,
278,A549_B,31/12/17,SWATH,ProCan 5,171231_SM_PC5_S_Cell_Study_Sample_278,I:\MassspecCoreGroup\Data\Procan\Projects\Cell Study SWATH\Cell_Study_Data\Complete Dataset,,,,,,,,,,,,,,
279,Calu-6_B,31/12/17,SWATH,ProCan 5,171231_SM_PC5_S_Cell_Study_Sample_279,I:\MassspecCoreGroup\Data\Procan\Projects\Cell Study SWATH\Cell_Study_Data\Complete Dataset,,,,,,,,,,,,,,
280,143B_B,31/12/17,SWATH,ProCan 5,171231_SM_PC5_S_Cell_Study_Sample_280,I:\MassspecCoreGroup\Data\Procan\Projects\Cell Study SWATH\Cell_Study_Data\Complete Dataset,,,,,,,,,,,,,,
281,Hs729_B,1/1/18,SWATH,ProCan 5,180101_SM_PC5_S_Cell_Study_Sample_281,I:\MassspecCoreGroup\Data\Procan\Projects\Cell Study SWATH\Cell_Study_Data\Complete Dataset,,,,,,,,,,,,,,
282,Hs294T_B,1/1/18,SWATH,ProCan 5,180101_SM_PC5_S_Cell_Study_Sample_282,I:\MassspecCoreGroup\Data\Procan\Projects\Cell Study SWATH\Cell_Study_Data\Complete Dataset,,,,,,,,,,,,,,
283,IIICF/a2_B,1/1/18,SWATH,ProCan 5,180101_SM_PC5_S_Cell_Study_Sample_283,I:\MassspecCoreGroup\Data\Procan\Projects\Cell Study SWATH\Cell_Study_Data\Complete Dataset,,,,,,,,,,,,,,
284,SW982_B,1/1/18,SWATH,ProCan 5,180101_SM_PC5_S_Cell_Study_Sample_284,I:\MassspecCoreGroup\Data\Procan\Projects\Cell Study SWATH\Cell_Study_Data\Complete Dataset,,,,,,,,,,,,,,
285,JFCF-6/SUPT.1L_B,1/1/18,SWATH,ProCan 5,180101_SM_PC5_S_Cell_Study_Sample_285,I:\MassspecCoreGroup\Data\Procan\Projects\Cell Study SWATH\Cell_Study_Data\Complete Dataset,,,,,,,,,,,,,,
286,Si-Ha_B,1/1/18,SWATH,ProCan 5,180101_SM_PC5_S_Cell_Study_Sample_286,I:\MassspecCoreGroup\Data\Procan\Projects\Cell Study SWATH\Cell_Study_Data\Complete Dataset,,,,,,,,,,,,,,
287,MCF7_B,10/1/18,SWATH,ProCan 5,180110_SM_PC5_S_Cell_Study_Sample_repeat_287,I:\MassspecCoreGroup\Data\Procan\Projects\Cell Study SWATH\Cell_Study_Data\Complete Dataset,,,,,,,,,,,,,,
288,SK-N-AS_B,1/1/18,SWATH,ProCan 5,180101_SM_PC5_S_Cell_Study_Sample_288,I:\MassspecCoreGroup\Data\Procan\Projects\Cell Study SWATH\Cell_Study_Data\Complete Dataset,,,,,,,,,,,,,,
289,SK-N-MC_B,1/1/18,SWATH,ProCan 5,180101_SM_PC5_S_Cell_Study_Sample_289,I:\MassspecCoreGroup\Data\Procan\Projects\Cell Study SWATH\Cell_Study_Data\Complete Dataset,,,,,,,,,,,,,,
290,Hela_B,1/1/18,SWATH,ProCan 5,180101_SM_PC5_S_Cell_Study_Sample_290,I:\MassspecCoreGroup\Data\Procan\Projects\Cell Study SWATH\Cell_Study_Data\Complete Dataset,,,,,,,,,,,,,,
291,A2182_B,1/1/18,SWATH,ProCan 5,180101_SM_PC5_S_Cell_Study_Sample_291,I:\MassspecCoreGroup\Data\Procan\Projects\Cell Study SWATH\Cell_Study_Data\Complete Dataset,,,,,,,,,,,,,,
292,SW620_B,1/1/18,SWATH,ProCan 5,180101_SM_PC5_S_Cell_Study_Sample_292,I:\MassspecCoreGroup\Data\Procan\Projects\Cell Study SWATH\Cell_Study_Data\Complete Dataset,,,,,,,,,,,,,,
293,BT-549_B,1/1/18,SWATH,ProCan 5,180101_SM_PC5_S_Cell_Study_Sample_293,I:\MassspecCoreGroup\Data\Procan\Projects\Cell Study SWATH\Cell_Study_Data\Complete Dataset,,,,,,,,,,,,,,
294,HT1080_B,4/1/18,SWATH,ProCan 5,180104_SM_PC5_S_Cell_Study_Sample_294,I:\MassspecCoreGroup\Data\Procan\Projects\Cell Study SWATH\Cell_Study_Data\Complete Dataset,,,,,,,,,,,,,,
295,MG63_B,4/1/18,SWATH,ProCan 5,180104_SM_PC5_S_Cell_Study_Sample_295,I:\MassspecCoreGroup\Data\Procan\Projects\Cell Study SWATH\Cell_Study_Data\Complete Dataset,,,,,,,,,,,,,,
296,LMR-32_B,4/1/18,SWATH,ProCan 5,180104_SM_PC5_S_Cell_Study_Sample_296,I:\MassspecCoreGroup\Data\Procan\Projects\Cell Study SWATH\Cell_Study_Data\Complete Dataset,,,,,,,,,,,,,,
297,HOS_B,4/1/18,SWATH,ProCan 5,180104_SM_PC5_S_Cell_Study_Sample_297,I:\MassspecCoreGroup\Data\Procan\Projects\Cell Study SWATH\Cell_Study_Data\Complete Dataset,,,,,,,,,,,,,,
298,SK-N-DZ_B,5/1/18,SWATH,ProCan 5,180105_SM_PC5_S_Cell_Study_Sample_298,I:\MassspecCoreGroup\Data\Procan\Projects\Cell Study SWATH\Cell_Study_Data\Complete Dataset,,,,,,,,,,,,,,
299,HAL_B,5/1/18,SWATH,ProCan 5,180105_SM_PC5_S_Cell_Study_Sample_299,I:\MassspecCoreGroup\Data\Procan\Projects\Cell Study SWATH\Cell_Study_Data\Complete Dataset,,,,,,,,,,,,,,
300,T-47D_B,5/1/18,SWATH,ProCan 5,180105_SM_PC5_S_Cell_Study_Sample_300,I:\MassspecCoreGroup\Data\Procan\Projects\Cell Study SWATH\Cell_Study_Data\Complete Dataset,,,,,,,,,,,,,,
301,A172_B,5/1/18,SWATH,ProCan 5,180105_SM_PC5_S_Cell_Study_Sample_301,I:\MassspecCoreGroup\Data\Procan\Projects\Cell Study SWATH\Cell_Study_Data\Complete Dataset,,,,,,,,,,,,,,
302,JFCF-6/SUPT.1I_B,5/1/18,SWATH,ProCan 5,180105_SM_PC5_S_Cell_Study_Sample_302,I:\MassspecCoreGroup\Data\Procan\Projects\Cell Study SWATH\Cell_Study_Data\Complete Dataset,,,,,,,,,,,,,,
303,JFCF-6/SUPT.1G_B,10/1/18,SWATH,ProCan 5,180110_SM_PC5_S_Cell_Study_Sample_repeat_303,I:\MassspecCoreGroup\Data\Procan\Projects\Cell Study SWATH\Cell_Study_Data\Complete Dataset,,,,,,,,,,,,,,
304,SK-N-SH_C,5/1/18,SWATH,ProCan 5,180105_SM_PC5_S_Cell_Study_Sample_304,I:\MassspecCoreGroup\Data\Procan\Projects\Cell Study SWATH\Cell_Study_Data\Complete Dataset,,,,,,,,,,,,,,
305,A549_C,5/1/18,SWATH,ProCan 5,180105_SM_PC5_S_Cell_Study_Sample_305,I:\MassspecCoreGroup\Data\Procan\Projects\Cell Study SWATH\Cell_Study_Data\Complete Dataset,,,,,,,,,,,,,,
306,Calu-6_C,10/1/18,SWATH,ProCan 5,180110_SM_PC5_S_Cell_Study_Sample_repeat_306,I:\MassspecCoreGroup\Data\Procan\Projects\Cell Study SWATH\Cell_Study_Data\Complete Dataset,,,,,,,,,,,,,,
307,143B_C,5/1/18,SWATH,ProCan 5,180105_SM_PC5_S_Cell_Study_Sample_307,I:\MassspecCoreGroup\Data\Procan\Projects\Cell Study SWATH\Cell_Study_Data\Complete Dataset,,,,,,,,,,,,,,
308,Hs729_C,5/1/18,SWATH,ProCan 5,180105_SM_PC5_S_Cell_Study_Sample_308,I:\MassspecCoreGroup\Data\Procan\Projects\Cell Study SWATH\Cell_Study_Data\Complete Dataset,,,,,,,,,,,,,,
309,Hs294T_C,5/1/18,SWATH,ProCan 5,180105_SM_PC5_S_Cell_Study_Sample_309,I:\MassspecCoreGroup\Data\Procan\Projects\Cell Study SWATH\Cell_Study_Data\Complete Dataset,,,,,,,,,,,,,,
310,IIICF/a2_C,5/1/18,SWATH,ProCan 5,180105_SM_PC5_S_Cell_Study_Sample_310,I:\MassspecCoreGroup\Data\Procan\Projects\Cell Study SWATH\Cell_Study_Data\Complete Dataset,,,,,,,,,,,,,,
311,SW982_C,5/1/18,SWATH,ProCan 5,180105_SM_PC5_S_Cell_Study_Sample_311,I:\MassspecCoreGroup\Data\Procan\Projects\Cell Study SWATH\Cell_Study_Data\Complete Dataset,,,,,,,,,,,,,,
312,JFCF-6/SUPT.1L_C,5/1/18,SWATH,ProCan 5,180105_SM_PC5_S_Cell_Study_Sample_312,I:\MassspecCoreGroup\Data\Procan\Projects\Cell Study SWATH\Cell_Study_Data\Complete Dataset,,,,,,,,,,,,,,
313,Si-Ha_C,10/1/18,SWATH,ProCan 5,180110_SM_PC5_S_Cell_Study_Sample_repeat_313,I:\MassspecCoreGroup\Data\Procan\Projects\Cell Study SWATH\Cell_Study_Data\Complete Dataset,,,,,,,,,,,,,,
314,MCF7_C,10/1/18,SWATH,ProCan 5,180110_SM_PC5_S_Cell_Study_Sample_repeat_314,I:\MassspecCoreGroup\Data\Procan\Projects\Cell Study SWATH\Cell_Study_Data\Complete Dataset,,,,,,,,,,,,,,
315,SK-N-AS_C,5/1/18,SWATH,ProCan 5,180105_SM_PC5_S_Cell_Study_Sample_315,I:\MassspecCoreGroup\Data\Procan\Projects\Cell Study SWATH\Cell_Study_Data\Complete Dataset,,,,,,,,,,,,,,
316,SK-N-MC_C,5/1/18,SWATH,ProCan 5,180105_SM_PC5_S_Cell_Study_Sample_316,I:\MassspecCoreGroup\Data\Procan\Projects\Cell Study SWATH\Cell_Study_Data\Complete Dataset,,,,,,,,,,,,,,
317,Hela_C,5/1/18,SWATH,ProCan 5,180105_SM_PC5_S_Cell_Study_Sample_317,I:\MassspecCoreGroup\Data\Procan\Projects\Cell Study SWATH\Cell_Study_Data\Complete Dataset,,,,,,,,,,,,,,
318,A2182_C,6/1/18,SWATH,ProCan 5,180106_SM_PC5_S_Cell_Study_Sample_318,I:\MassspecCoreGroup\Data\Procan\Projects\Cell Study SWATH\Cell_Study_Data\Complete Dataset,,,,,,,,,,,,,,
319,SW620_C,6/1/18,SWATH,ProCan 5,180106_SM_PC5_S_Cell_Study_Sample_319,I:\MassspecCoreGroup\Data\Procan\Projects\Cell Study SWATH\Cell_Study_Data\Complete Dataset,,,,,,,,,,,,,,
320,BT-549_C,6/1/18,SWATH,ProCan 5,180106_SM_PC5_S_Cell_Study_Sample_320,I:\MassspecCoreGroup\Data\Procan\Projects\Cell Study SWATH\Cell_Study_Data\Complete Dataset,,,,,,,,,,,,,,
321,HT1080_C,6/1/18,SWATH,ProCan 5,180106_SM_PC5_S_Cell_Study_Sample_321,I:\MassspecCoreGroup\Data\Procan\Projects\Cell Study SWATH\Cell_Study_Data\Complete Dataset,,,,,,,,,,,,,,
322,MG63_C,6/1/18,SWATH,ProCan 5,180106_SM_PC5_S_Cell_Study_Sample_322,I:\MassspecCoreGroup\Data\Procan\Projects\Cell Study SWATH\Cell_Study_Data\Complete Dataset,,,,,,,,,,,,,,
323,LMR-32_C,6/1/18,SWATH,ProCan 5,180106_SM_PC5_S_Cell_Study_Sample_323,I:\MassspecCoreGroup\Data\Procan\Projects\Cell Study SWATH\Cell_Study_Data\Complete Dataset,,,,,,,,,,,,,,
324,HOS_C,6/1/18,SWATH,ProCan 5,180106_SM_PC5_S_Cell_Study_Sample_324,I:\MassspecCoreGroup\Data\Procan\Projects\Cell Study SWATH\Cell_Study_Data\Complete Dataset,,,,,,,,,,,,,,
325,SK-N-DZ_C,6/1/18,SWATH,ProCan 5,180106_SM_PC5_S_Cell_Study_Sample_325,I:\MassspecCoreGroup\Data\Procan\Projects\Cell Study SWATH\Cell_Study_Data\Complete Dataset,,,,,,,,,,,,,,
326,HAL_C,6/1/18,SWATH,ProCan 5,180106_SM_PC5_S_Cell_Study_Sample_326,I:\MassspecCoreGroup\Data\Procan\Projects\Cell Study SWATH\Cell_Study_Data\Complete Dataset,,,,,,,,,,,,,,
327,T-47D_C,6/1/18,SWATH,ProCan 5,180106_SM_PC5_S_Cell_Study_Sample_327,I:\MassspecCoreGroup\Data\Procan\Projects\Cell Study SWATH\Cell_Study_Data\Complete Dataset,,,,,,,,,,,,,,
328,A172_C,6/1/18,SWATH,ProCan 5,180106_SM_PC5_S_Cell_Study_Sample_328,I:\MassspecCoreGroup\Data\Procan\Projects\Cell Study SWATH\Cell_Study_Data\Complete Dataset,,,,,,,,,,,,,,
329,JFCF-6/SUPT.1I_C,6/1/18,SWATH,ProCan 5,180106_SM_PC5_S_Cell_Study_Sample_329,I:\MassspecCoreGroup\Data\Procan\Projects\Cell Study SWATH\Cell_Study_Data\Complete Dataset,,,,,,,,,,,,,,
330,JFCF-6/SUPT.1G_C,7/1/18,SWATH,ProCan 5,180107_SM_PC5_S_Cell_Study_Sample_330,I:\MassspecCoreGroup\Data\Procan\Projects\Cell Study SWATH\Cell_Study_Data\Complete Dataset,,,,,,,,,,,,,,
331,HCT116_A,7/1/18,SWATH,ProCan 5,180107_SM_PC5_S_Cell_Study_Sample_331,I:\MassspecCoreGroup\Data\Procan\Projects\Cell Study SWATH\Cell_Study_Data\Complete Dataset,,,,,,,,,,,,,,
332,SW872_A,7/1/18,SWATH,ProCan 5,180107_SM_PC5_S_Cell_Study_Sample_332,I:\MassspecCoreGroup\Data\Procan\Projects\Cell Study SWATH\Cell_Study_Data\Complete Dataset,,,,,,,,,,,,,,
333,778_A,7/1/18,SWATH,ProCan 5,180107_SM_PC5_S_Cell_Study_Sample_333,I:\MassspecCoreGroup\Data\Procan\Projects\Cell Study SWATH\Cell_Study_Data\Complete Dataset,,,,,,,,,,,,,,
343,HCT116_B,10/1/18,SWATH,ProCan 5,180110_SM_PC5_S_Cell_Study_Sample_343,I:\MassspecCoreGroup\Data\Procan\Projects\Cell Study SWATH\Cell_Study_Data\Complete Dataset,,,,,,,,,,,,,,
347,SW872_B,10/1/18,SWATH,ProCan 5,180110_SM_PC5_S_Cell_Study_Sample_347,I:\MassspecCoreGroup\Data\Procan\Projects\Cell Study SWATH\Cell_Study_Data\Complete Dataset,,,,,,,,,,,,,,
351,778_B,10/1/18,SWATH,ProCan 5,180110_SM_PC5_S_Cell_Study_Sample_351,I:\MassspecCoreGroup\Data\Procan\Projects\Cell Study SWATH\Cell_Study_Data\Complete Dataset,,,,,,,,,,,,,,
355,HCT116_C,11/1/18,SWATH,ProCan 5,180111_SM_PC5_S_Cell_Study_Sample_355,I:\MassspecCoreGroup\Data\Procan\Projects\Cell Study SWATH\Cell_Study_Data\Complete Dataset,,,,,,,,,,,,,,
359,SW872_C,11/1/18,SWATH,ProCan 5,180111_SM_PC5_S_Cell_Study_Sample_359,I:\MassspecCoreGroup\Data\Procan\Projects\Cell Study SWATH\Cell_Study_Data\Complete Dataset,,,,,,,,,,,,,,
363,778_C,11/1/18,SWATH,ProCan 5,180111_SM_PC5_S_Cell_Study_Sample_363,I:\MassspecCoreGroup\Data\Procan\Projects\Cell Study SWATH\Cell_Study_Data\Complete Dataset,,,,,,,,,,,,,,
P1,SRL1,8/2/18,IDA,ProCan 6,180208_E0013_SRL1_P1_I_M05_1,I:\MassspecCoreGroup\Data\Procan\Procan6\JK\180208,,,,,,JK,,,,,,,,
P2,SRL1,8/2/18,IDA,ProCan 6,180208_E0013_SRL1_P2_I_M05_1,I:\MassspecCoreGroup\Data\Procan\Procan6\JK\180208,,,,,,JK,,,,,,,,
P3,SRL1,8/2/18,IDA,ProCan 6,180208_E0013_SRL1_P3_I_M05_1,I:\MassspecCoreGroup\Data\Procan\Procan6\JK\180208,,,,,,JK,,,,,,,,
P4,SRL1,8/2/18,IDA,ProCan 6,180208_E0013_SRL1_P4_I_M05_1,I:\MassspecCoreGroup\Data\Procan\Procan6\JK\180208,,,,,,JK,,,,,,,,
P5,SRL1,8/2/18,IDA,ProCan 6,180208_E0013_SRL1_P5_I_M05_1,I:\MassspecCoreGroup\Data\Procan\Procan6\JK\180208,,,,,,JK,,,,,,,,
P6,SRL1,8/2/18,IDA,ProCan 6,180208_E0013_SRL1_P6_I_M05_1,I:\MassspecCoreGroup\Data\Procan\Procan6\JK\180208,,,,,,JK,,,,,,,,
P7,SRL1,8/2/18,IDA,ProCan 6,180208_E0013_SRL1_P7_I_M05_1,I:\MassspecCoreGroup\Data\Procan\Procan6\JK\180208,,,,,,JK,,,,,,,,
P8,SRL1,8/2/18,IDA,ProCan 6,180208_E0013_SRL1_P8_I_M05_1,I:\MassspecCoreGroup\Data\Procan\Procan6\JK\180208,,,,,,JK,,,,,,,,
P9,SRL1,8/2/18,IDA,ProCan 6,180208_E0013_SRL1_P9_I_M05_1,I:\MassspecCoreGroup\Data\Procan\Procan6\JK\180208,,,,,,JK,,,,,,,,
P10,SRL1,8/2/18,IDA,ProCan 6,180208_E0013_SRL1_P10_I_M05_1,I:\MassspecCoreGroup\Data\Procan\Procan6\JK\180208,,,,,,JK,,,,,,,,
P11,SRL1,8/2/18,IDA,ProCan 6,180208_E0013_SRL1_P11_I_M05_1,I:\MassspecCoreGroup\Data\Procan\Procan6\JK\180208,,,,,,JK,,,,,,,,
P12,SRL1,8/2/18,IDA,ProCan 6,180208_E0013_SRL1_P12_I_M05_1,I:\MassspecCoreGroup\Data\Procan\Procan6\JK\180208,,,,,,JK,,,,,,,,
P13,SRL1,8/2/18,IDA,ProCan 6,180208_E0013_SRL1_P13_I_M05_1,I:\MassspecCoreGroup\Data\Procan\Procan6\JK\180208,,,,,,JK,,,,,,,,
P14,SRL1,8/2/18,IDA,ProCan 6,180208_E0013_SRL1_P14_I_M05_1,I:\MassspecCoreGroup\Data\Procan\Procan6\JK\180208,,,,,,JK,,,,,,,,
P15,SRL1,8/2/18,IDA,ProCan 6,180208_E0013_SRL1_P15_I_M05_1,I:\MassspecCoreGroup\Data\Procan\Procan6\JK\180208,,,,,,JK,,,,,,,,
P1,SRL2,8/2/18,IDA,ProCan 6,180208_E0013_SRL2_P1_I_M05_1,I:\MassspecCoreGroup\Data\Procan\Procan6\JK\180208,,,,,,JK,,,,,,,,
P2,SRL2,8/2/18,IDA,ProCan 6,180208_E0013_SRL2_P2_I_M05_1,I:\MassspecCoreGroup\Data\Procan\Procan6\JK\180208,,,,,,JK,,,,,,,,
P3,SRL2,8/2/18,IDA,ProCan 6,180208_E0013_SRL2_P3_I_M05_1,I:\MassspecCoreGroup\Data\Procan\Procan6\JK\180208,,,,,,JK,,,,,,,,
P4,SRL2,8/2/18,IDA,ProCan 6,180208_E0013_SRL2_P4_I_M05_1,I:\MassspecCoreGroup\Data\Procan\Procan6\JK\180208,,,,,,JK,,,,,,,,
P5,SRL2,8/2/18,IDA,ProCan 6,180208_E0013_SRL2_P5_I_M05_1,I:\MassspecCoreGroup\Data\Procan\Procan6\JK\180208,,,,,,JK,,,,,,,,
P6,SRL2,8/2/18,IDA,ProCan 6,180208_E0013_SRL2_P6_I_M05_1,I:\MassspecCoreGroup\Data\Procan\Procan6\JK\180208,,,,,,JK,,,,,,,,
P7,SRL2,8/2/18,IDA,ProCan 6,180208_E0013_SRL2_P7_I_M05_1,I:\MassspecCoreGroup\Data\Procan\Procan6\JK\180208,,,,,,JK,,,,,,,,
P8,SRL2,8/2/18,IDA,ProCan 6,180208_E0013_SRL2_P8_I_M05_1,I:\MassspecCoreGroup\Data\Procan\Procan6\JK\180208,,,,,,JK,,,,,,,,
P9,SRL2,8/2/18,IDA,ProCan 6,180208_E0013_SRL2_P9_I_M05_1,I:\MassspecCoreGroup\Data\Procan\Procan6\JK\180208,,,,,,JK,,,,,,,,
P10,SRL2,8/2/18,IDA,ProCan 6,180208_E0013_SRL2_P10_I_M05_1,I:\MassspecCoreGroup\Data\Procan\Procan6\JK\180208,,,,,,JK,,,,,,,,
P11,SRL2,8/2/18,IDA,ProCan 6,180208_E0013_SRL2_P11_I_M05_1,I:\MassspecCoreGroup\Data\Procan\Procan6\JK\180208,,,,,,JK,,,,,,,,
P12,SRL2,8/2/18,IDA,ProCan 6,180208_E0013_SRL2_P12_I_M05_1,I:\MassspecCoreGroup\Data\Procan\Procan6\JK\180208,,,,,,JK,,,,,,,,
P13,SRL2,8/2/18,IDA,ProCan 6,180208_E0013_SRL2_P13_I_M05_1,I:\MassspecCoreGroup\Data\Procan\Procan6\JK\180208,,,,,,JK,,,,,,,,
P14,SRL2,8/2/18,IDA,ProCan 6,180208_E0013_SRL2_P14_I_M05_1,I:\MassspecCoreGroup\Data\Procan\Procan6\JK\180208,,,,,,JK,,,,,,,,
P15,SRL2,8/2/18,IDA,ProCan 6,180208_E0013_SRL2_P15_I_M05_1,I:\MassspecCoreGroup\Data\Procan\Procan6\JK\180208,,,,,,JK,,,,,,,,
P1,SRL3,27/2/18,IDA,ProCan 5,180227_E0013_SRL3_P1_I_M05_1,I:\MassspecCoreGroup\Data\Procan\Procan5\JK\180227,,,,,,JK,,,,,,,,
P2,SRL3,27/2/18,IDA,ProCan 5,180227_E0013_SRL3_P2_I_M05_1,I:\MassspecCoreGroup\Data\Procan\Procan5\JK\180227,,,,,,JK,,,,,,,,
P3,SRL3,27/2/18,IDA,ProCan 5,180227_E0013_SRL3_P3_I_M05_1,I:\MassspecCoreGroup\Data\Procan\Procan5\JK\180227,,,,,,JK,,,,,,,,
P4,SRL3,27/2/18,IDA,ProCan 5,180227_E0013_SRL3_P4_I_M05_1,I:\MassspecCoreGroup\Data\Procan\Procan5\JK\180227,,,,,,JK,,,,,,,,
P5,SRL3,27/2/18,IDA,ProCan 5,180227_E0013_SRL3_P5_I_M05_1,I:\MassspecCoreGroup\Data\Procan\Procan5\JK\180227,,,,,,JK,,,,,,,,
P6,SRL3,27/2/18,IDA,ProCan 5,180227_E0013_SRL3_P6_I_M05_1,I:\MassspecCoreGroup\Data\Procan\Procan5\JK\180227,,,,,,JK,,,,,,,,
P7,SRL3,27/2/18,IDA,ProCan 5,180227_E0013_SRL3_P7_I_M05_1,I:\MassspecCoreGroup\Data\Procan\Procan5\JK\180227,,,,,,JK,,,,,,,,
P8,SRL3,27/2/18,IDA,ProCan 5,180227_E0013_SRL3_P8_I_M05_1,I:\MassspecCoreGroup\Data\Procan\Procan5\JK\180227,,,,,,JK,,,,,,,,
P9,SRL3,27/2/18,IDA,ProCan 5,180227_E0013_SRL3_P9_I_M05_1,I:\MassspecCoreGroup\Data\Procan\Procan5\JK\180227,,,,,,JK,,,,,,,,
P10,SRL3,27/2/18,IDA,ProCan 5,180227_E0013_SRL3_P10_I_M05_1,I:\MassspecCoreGroup\Data\Procan\Procan5\JK\180227,,,,,,JK,,,,,,,,
P11,SRL3,27/2/18,IDA,ProCan 5,180227_E0013_SRL3_P11_I_M05_1,I:\MassspecCoreGroup\Data\Procan\Procan5\JK\180227,,,,,,JK,,,,,,,,
P12,SRL3,27/2/18,IDA,ProCan 5,180227_E0013_SRL3_P12_I_M05_1,I:\MassspecCoreGroup\Data\Procan\Procan5\JK\180227,,,,,,JK,,,,,,,,
P13,SRL3,27/2/18,IDA,ProCan 5,180227_E0013_SRL3_P13_I_M05_1,I:\MassspecCoreGroup\Data\Procan\Procan5\JK\180227,,,,,,JK,,,,,,,,
P14,SRL3,27/2/18,IDA,ProCan 5,180227_E0013_SRL3_P14_I_M05_1,I:\MassspecCoreGroup\Data\Procan\Procan5\JK\180227,,,,,,JK,,,,,,,,
P15,SRL3,27/2/18,IDA,ProCan 5,180227_E0013_SRL3_P15_I_M05_1,I:\MassspecCoreGroup\Data\Procan\Procan5\JK\180227,,,,,,,,,,,,,,
,,,,,,,,,,,,,,,,,,,,