Name	Mortal	Immortal	Feature	GM_SNP	GM_Ind	GM_ConUp	GM_ConReg	GM_ConTF	GM_Con5Prime	GM_ImpHigh	GM_ImpMod	GM_ImpLow	GI_SNP	GI_Ind	GI_ConUp	GI_ConReg	GI_ConTF	GI_Con5Prime	GI_ImpHigh	GI_ImpMod	GI_ImpLow	VM_MUT	VM_ImpHigh	VM_ImpMod	VM_ImpLow	VI_MUT	VI_ImpHigh	VI_ImpMod	VI_ImpLow
IIICF_IIICF_d2	IIICF	IIICF_d2	DAXX	0	0	0	0	0	0	0	0	0	0	0	0	0	0	0	0	0	0	0	0	0	0	0	0	0	0
IIICF_IIICF_d2	IIICF	IIICF_d2	ATRX	0	0	0	0	0	0	0	0	0	256	136	28	0	0	0	0	2	390	310	310	0	0	310	310	0	0
IIICF_IIICF_d2	IIICF	IIICF_d2	TERT	0	0	0	0	0	0	0	0	0	335	35	122	0	0	0	0	0	370	664	664	0	0	664	664	0	0
IIICF_IIICF_d2	IIICF	IIICF_d2	TP53	0	0	0	0	0	0	0	0	0	174	117	37	0	0	0	0	9	282	6480	6480	0	0	6480	6480	0	0
IIICF_IIICF_402DE_D2	IIICF	IIICF_402DE_D2	DAXX	0	0	0	0	0	0	0	0	0	0	0	0	0	0	0	0	0	0	0	0	0	0	0	0	0	0
IIICF_IIICF_402DE_D2	IIICF	IIICF_402DE_D2	ATRX	0	0	0	0	0	0	0	0	0	277	178	34	0	0	0	0	2	453	310	310	0	0	310	310	0	0
IIICF_IIICF_402DE_D2	IIICF	IIICF_402DE_D2	TERT	0	0	0	0	0	0	0	0	0	199	30	105	0	0	0	0	0	229	664	664	0	0	664	664	0	0
IIICF_IIICF_402DE_D2	IIICF	IIICF_402DE_D2	TP53	0	0	0	0	0	0	0	0	0	174	117	37	0	0	0	0	9	282	6480	6480	0	0	6480	6480	0	0
IIICF_IIICF_E6_A1	IIICF	IIICF_E6_A1	DAXX	0	0	0	0	0	0	0	0	0	0	0	0	0	0	0	0	0	0	0	0	0	0	0	0	0	0
IIICF_IIICF_E6_A1	IIICF	IIICF_E6_A1	ATRX	0	0	0	0	0	0	0	0	0	255	129	24	0	0	0	0	2	382	310	310	0	0	310	310	0	0
IIICF_IIICF_E6_A1	IIICF	IIICF_E6_A1	TERT	0	0	0	0	0	0	0	0	0	329	53	120	0	0	0	0	0	382	664	664	0	0	664	664	0	0
IIICF_IIICF_E6_A1	IIICF	IIICF_E6_A1	TP53	0	0	0	0	0	0	0	0	0	183	144	55	0	0	0	0	9	318	6480	6480	0	0	6480	6480	0	0
IIICF_IIICF_E6_A2	IIICF	IIICF_E6_A2	DAXX	0	0	0	0	0	0	0	0	0	0	0	0	0	0	0	0	0	0	0	0	0	0	0	0	0	0
IIICF_IIICF_E6_A2	IIICF	IIICF_E6_A2	ATRX	0	0	0	0	0	0	0	0	0	158	93	21	0	0	0	0	0	251	310	310	0	0	310	310	0	0
IIICF_IIICF_E6_A2	IIICF	IIICF_E6_A2	TERT	0	0	0	0	0	0	0	0	0	362	41	117	0	0	0	0	0	403	664	664	0	0	664	664	0	0
IIICF_IIICF_E6_A2	IIICF	IIICF_E6_A2	TP53	0	0	0	0	0	0	0	0	0	174	117	37	0	0	0	0	9	282	6480	6480	0	0	6480	6480	0	0
IIICF_IIICF_E6E7_A1	IIICF	IIICF_E6E7_A1	DAXX	0	0	0	0	0	0	0	0	0	0	0	0	0	0	0	0	0	0	0	0	0	0	0	0	0	0
IIICF_IIICF_E6E7_A1	IIICF	IIICF_E6E7_A1	ATRX	0	0	0	0	0	0	0	0	0	259	183	33	0	0	0	0	2	440	310	310	0	0	310	310	0	0
IIICF_IIICF_E6E7_A1	IIICF	IIICF_E6E7_A1	TERT	0	0	0	0	0	0	0	0	0	335	53	126	0	0	0	0	0	388	664	664	0	0	664	664	0	0
IIICF_IIICF_E6E7_A1	IIICF	IIICF_E6E7_A1	TP53	0	0	0	0	0	0	0	0	0	174	117	37	0	0	0	0	9	282	6480	6480	0	0	6480	6480	0	0
IIICF_IIICF_T_B1	IIICF	IIICF_T_B1	DAXX	0	0	0	0	0	0	0	0	0	0	0	0	0	0	0	0	0	0	0	0	0	0	0	0	0	0
IIICF_IIICF_T_B1	IIICF	IIICF_T_B1	ATRX	0	0	0	0	0	0	0	0	0	66	75	22	0	0	0	0	0	141	310	310	0	0	310	310	0	0
IIICF_IIICF_T_B1	IIICF	IIICF_T_B1	TERT	0	0	0	0	0	0	0	0	0	299	53	120	0	0	0	0	0	352	664	664	0	0	664	664	0	0
IIICF_IIICF_T_B1	IIICF	IIICF_T_B1	TP53	0	0	0	0	0	0	0	0	0	193	144	56	0	0	0	0	9	328	6480	6480	0	0	6480	6480	0	0
IIICF_IIICF_T_B3	IIICF	IIICF_T_B3	DAXX	0	0	0	0	0	0	0	0	0	0	0	0	0	0	0	0	0	0	0	0	0	0	0	0	0	0
IIICF_IIICF_T_B3	IIICF	IIICF_T_B3	ATRX	0	0	0	0	0	0	0	0	0	33	18	6	0	0	0	0	0	51	310	310	0	0	310	310	0	0
IIICF_IIICF_T_B3	IIICF	IIICF_T_B3	TERT	0	0	0	0	0	0	0	0	0	284	48	98	0	0	0	0	0	332	664	664	0	0	664	664	0	0
IIICF_IIICF_T_B3	IIICF	IIICF_T_B3	TP53	0	0	0	0	0	0	0	0	0	183	145	47	0	0	0	0	9	319	6480	6480	0	0	6480	6480	0	0
IIICF_IIICF_T_C3	IIICF	IIICF_T_C3	DAXX	0	0	0	0	0	0	0	0	0	0	0	0	0	0	0	0	0	0	0	0	0	0	0	0	0	0
IIICF_IIICF_T_C3	IIICF	IIICF_T_C3	ATRX	0	0	0	0	0	0	0	0	0	264	148	33	0	0	0	0	2	410	310	310	0	0	310	310	0	0
IIICF_IIICF_T_C3	IIICF	IIICF_T_C3	TERT	0	0	0	0	0	0	0	0	0	305	53	116	0	0	0	0	0	358	664	664	0	0	664	664	0	0
IIICF_IIICF_T_C3	IIICF	IIICF_T_C3	TP53	0	0	0	0	0	0	0	0	0	183	145	55	0	0	0	0	9	319	6480	6480	0	0	6480	6480	0	0
IIICF_IIICF_T_C4	IIICF	IIICF_T_C4	DAXX	0	0	0	0	0	0	0	0	0	0	0	0	0	0	0	0	0	0	0	0	0	0	0	0	0	0
IIICF_IIICF_T_C4	IIICF	IIICF_T_C4	ATRX	0	0	0	0	0	0	0	0	0	258	176	33	0	0	0	2	2	430	310	310	0	0	310	310	0	0
IIICF_IIICF_T_C4	IIICF	IIICF_T_C4	TERT	0	0	0	0	0	0	0	0	0	317	47	120	0	0	0	0	0	364	664	664	0	0	664	664	0	0
IIICF_IIICF_T_C4	IIICF	IIICF_T_C4	TP53	0	0	0	0	0	0	0	0	0	183	144	55	0	0	0	0	9	318	6480	6480	0	0	6480	6480	0	0
JFCF6_P12_JFCF_6_T_1_C	JFCF6_P12	JFCF_6_T_1_C	DAXX	0	0	0	0	0	0	0	0	0	0	0	0	0	0	0	0	0	0	0	0	0	0	0	0	0	0
JFCF6_P12_JFCF_6_T_1_C	JFCF6_P12	JFCF_6_T_1_C	ATRX	0	0	0	0	0	0	0	0	0	61	48	6	0	0	0	0	0	109	310	310	0	0	310	310	0	0
JFCF6_P12_JFCF_6_T_1_C	JFCF6_P12	JFCF_6_T_1_C	TERT	0	0	0	0	0	0	0	0	0	376	64	86	0	0	0	0	0	440	664	664	0	0	664	664	0	0
JFCF6_P12_JFCF_6_T_1_C	JFCF6_P12	JFCF_6_T_1_C	TP53	0	0	0	0	0	0	0	0	0	617	268	191	0	0	0	0	9	876	6480	6480	0	0	6480	6480	0	0
JFCF6_P12_JFCF_6_T_1_D	JFCF6_P12	JFCF_6_T_1_D	DAXX	0	0	0	0	0	0	0	0	0	0	0	0	0	0	0	0	0	0	0	0	0	0	0	0	0	0
JFCF6_P12_JFCF_6_T_1_D	JFCF6_P12	JFCF_6_T_1_D	ATRX	0	0	0	0	0	0	0	0	0	30	12	6	0	0	0	0	0	42	310	310	0	0	310	310	0	0
JFCF6_P12_JFCF_6_T_1_D	JFCF6_P12	JFCF_6_T_1_D	TERT	0	0	0	0	0	0	0	0	0	358	64	87	0	0	0	0	0	422	664	664	0	0	664	664	0	0
JFCF6_P12_JFCF_6_T_1_D	JFCF6_P12	JFCF_6_T_1_D	TP53	0	0	0	0	0	0	0	0	0	617	293	192	0	0	0	0	9	901	6480	6480	0	0	6480	6480	0	0
JFCF6_P12_JFCF_6_T_1_F	JFCF6_P12	JFCF_6_T_1_F	DAXX	0	0	0	0	0	0	0	0	0	0	0	0	0	0	0	0	0	0	0	0	0	0	0	0	0	0
JFCF6_P12_JFCF_6_T_1_F	JFCF6_P12	JFCF_6_T_1_F	ATRX	0	0	0	0	0	0	0	0	0	55	50	6	0	0	0	0	0	105	310	310	0	0	310	310	0	0
JFCF6_P12_JFCF_6_T_1_F	JFCF6_P12	JFCF_6_T_1_F	TERT	0	0	0	0	0	0	0	0	0	386	88	81	0	0	0	0	0	474	664	664	0	0	664	664	0	0
JFCF6_P12_JFCF_6_T_1_F	JFCF6_P12	JFCF_6_T_1_F	TP53	0	0	0	0	0	0	0	0	0	617	267	184	0	0	0	0	9	875	6480	6480	0	0	6480	6480	0	0
JFCF6_P12_JFCF_6_T_1_G	JFCF6_P12	JFCF_6_T_1_G	DAXX	0	0	0	0	0	0	0	0	0	0	0	0	0	0	0	0	0	0	0	0	0	0	0	0	0	0
JFCF6_P12_JFCF_6_T_1_G	JFCF6_P12	JFCF_6_T_1_G	ATRX	0	0	0	0	0	0	0	0	0	46	41	6	0	0	0	0	0	87	310	310	0	0	310	310	0	0
JFCF6_P12_JFCF_6_T_1_G	JFCF6_P12	JFCF_6_T_1_G	TERT	0	0	0	0	0	0	0	0	0	346	53	84	0	0	0	0	0	399	664	664	0	0	664	664	0	0
JFCF6_P12_JFCF_6_T_1_G	JFCF6_P12	JFCF_6_T_1_G	TP53	0	0	0	0	0	0	0	0	0	617	282	191	0	0	0	0	9	890	6480	6480	0	0	6480	6480	0	0
JFCF6_P12_JFCF_6_T_1_H	JFCF6_P12	JFCF_6_T_1_H	DAXX	0	0	0	0	0	0	0	0	0	0	0	0	0	0	0	0	0	0	0	0	0	0	0	0	0	0
JFCF6_P12_JFCF_6_T_1_H	JFCF6_P12	JFCF_6_T_1_H	ATRX	0	0	0	0	0	0	0	0	0	58	56	6	0	0	0	0	0	114	310	310	0	0	310	310	0	0
JFCF6_P12_JFCF_6_T_1_H	JFCF6_P12	JFCF_6_T_1_H	TERT	0	0	0	0	0	0	0	0	0	454	82	93	0	0	0	0	0	536	664	664	0	0	664	664	0	0
JFCF6_P12_JFCF_6_T_1_H	JFCF6_P12	JFCF_6_T_1_H	TP53	0	0	0	0	0	0	0	0	0	617	316	195	0	0	0	0	9	924	6480	6480	0	0	6480	6480	0	0
JFCF6_P12_JFCF_6_T_1_L	JFCF6_P12	JFCF_6_T_1_L	DAXX	0	0	0	0	0	0	0	0	0	0	0	0	0	0	0	0	0	0	0	0	0	0	0	0	0	0
JFCF6_P12_JFCF_6_T_1_L	JFCF6_P12	JFCF_6_T_1_L	ATRX	0	0	0	0	0	0	0	0	0	44	31	6	0	0	0	0	0	75	310	310	0	0	310	310	0	0
JFCF6_P12_JFCF_6_T_1_L	JFCF6_P12	JFCF_6_T_1_L	TERT	0	0	0	0	0	0	0	0	0	376	53	86	0	0	0	0	0	429	664	664	0	0	664	664	0	0
JFCF6_P12_JFCF_6_T_1_L	JFCF6_P12	JFCF_6_T_1_L	TP53	0	0	0	0	0	0	0	0	0	608	306	186	0	0	0	0	9	905	6480	6480	0	0	6480	6480	0	0
JFCF6_P12_JFCF_6_T_1_P_TEL	JFCF6_P12	JFCF_6_T_1_P_TEL	DAXX	0	0	0	0	0	0	0	0	0	0	0	0	0	0	0	0	0	0	0	0	0	0	0	0	0	0
JFCF6_P12_JFCF_6_T_1_P_TEL	JFCF6_P12	JFCF_6_T_1_P_TEL	ATRX	0	0	0	0	0	0	0	0	0	0	0	0	0	0	0	0	0	0	310	310	0	0	310	310	0	0
JFCF6_P12_JFCF_6_T_1_P_TEL	JFCF6_P12	JFCF_6_T_1_P_TEL	TERT	0	0	0	0	0	0	0	0	0	0	0	0	0	0	0	0	0	0	664	664	0	0	664	664	0	0
JFCF6_P12_JFCF_6_T_1_P_TEL	JFCF6_P12	JFCF_6_T_1_P_TEL	TP53	0	0	0	0	0	0	0	0	0	0	0	0	0	0	0	0	0	0	6480	6480	0	0	6480	6480	0	0
JFCF6_P12_JFCF_6_T_1_P_ALT	JFCF6_P12	JFCF_6_T_1_P_ALT	DAXX	0	0	0	0	0	0	0	0	0	0	0	0	0	0	0	0	0	0	0	0	0	0	0	0	0	0
JFCF6_P12_JFCF_6_T_1_P_ALT	JFCF6_P12	JFCF_6_T_1_P_ALT	ATRX	0	0	0	0	0	0	0	0	0	0	0	0	0	0	0	0	0	0	310	310	0	0	310	310	0	0
JFCF6_P12_JFCF_6_T_1_P_ALT	JFCF6_P12	JFCF_6_T_1_P_ALT	TERT	0	0	0	0	0	0	0	0	0	0	0	0	0	0	0	0	0	0	664	664	0	0	664	664	0	0
JFCF6_P12_JFCF_6_T_1_P_ALT	JFCF6_P12	JFCF_6_T_1_P_ALT	TP53	0	0	0	0	0	0	0	0	0	0	0	0	0	0	0	0	0	0	6480	6480	0	0	6480	6480	0	0
JFCF6_P12_JFCF_6_T_1_R	JFCF6_P12	JFCF_6_T_1_R	DAXX	0	0	0	0	0	0	0	0	0	0	0	0	0	0	0	0	0	0	0	0	0	0	0	0	0	0
JFCF6_P12_JFCF_6_T_1_R	JFCF6_P12	JFCF_6_T_1_R	ATRX	0	0	0	0	0	0	0	0	0	46	37	6	0	0	0	0	0	83	310	310	0	0	310	310	0	0
JFCF6_P12_JFCF_6_T_1_R	JFCF6_P12	JFCF_6_T_1_R	TERT	0	0	0	0	0	0	0	0	0	369	58	86	0	0	0	0	0	427	664	664	0	0	664	664	0	0
JFCF6_P12_JFCF_6_T_1_R	JFCF6_P12	JFCF_6_T_1_R	TP53	0	0	0	0	0	0	0	0	0	605	303	189	0	0	0	0	9	899	6480	6480	0	0	6480	6480	0	0
JFCF6_P12_JFCF_6_T_1J_11C	JFCF6_P12	JFCF_6_T_1J_11C	DAXX	0	0	0	0	0	0	0	0	0	0	0	0	0	0	0	0	0	0	0	0	0	0	0	0	0	0
JFCF6_P12_JFCF_6_T_1J_11C	JFCF6_P12	JFCF_6_T_1J_11C	ATRX	0	0	0	0	0	0	0	0	0	64	56	9	0	0	0	0	0	120	310	310	0	0	310	310	0	0
JFCF6_P12_JFCF_6_T_1J_11C	JFCF6_P12	JFCF_6_T_1J_11C	TERT	0	0	0	0	0	0	0	0	0	387	70	87	0	0	0	0	0	457	664	664	0	0	664	664	0	0
JFCF6_P12_JFCF_6_T_1J_11C	JFCF6_P12	JFCF_6_T_1J_11C	TP53	0	0	0	0	0	0	0	0	0	617	305	195	0	0	0	0	9	913	6480	6480	0	0	6480	6480	0	0
JFCF6_P12_JFCF_6_T_1J_11E	JFCF6_P12	JFCF_6_T_1J_11E	DAXX	0	0	0	0	0	0	0	0	0	0	0	0	0	0	0	0	0	0	0	0	0	0	0	0	0	0
JFCF6_P12_JFCF_6_T_1J_11E	JFCF6_P12	JFCF_6_T_1J_11E	ATRX	0	0	0	0	0	0	0	0	0	60	18	9	0	0	0	0	0	78	310	310	0	0	310	310	0	0
JFCF6_P12_JFCF_6_T_1J_11E	JFCF6_P12	JFCF_6_T_1J_11E	TERT	0	0	0	0	0	0	0	0	0	405	47	87	0	0	0	0	0	452	664	664	0	0	664	664	0	0
JFCF6_P12_JFCF_6_T_1J_11E	JFCF6_P12	JFCF_6_T_1J_11E	TP53	0	0	0	0	0	0	0	0	0	617	284	192	0	0	0	0	9	892	6480	6480	0	0	6480	6480	0	0
JFCF6_P12_JFCF_6_T_2H	JFCF6_P12	JFCF_6_T_2H	DAXX	0	0	0	0	0	0	0	0	0	0	0	0	0	0	0	0	0	0	0	0	0	0	0	0	0	0
JFCF6_P12_JFCF_6_T_2H	JFCF6_P12	JFCF_6_T_2H	ATRX	0	0	0	0	0	0	0	0	0	46	35	3	0	0	0	0	0	81	310	310	0	0	310	310	0	0
JFCF6_P12_JFCF_6_T_2H	JFCF6_P12	JFCF_6_T_2H	TERT	0	0	0	0	0	0	0	0	0	328	70	82	0	0	0	0	0	398	664	664	0	0	664	664	0	0
JFCF6_P12_JFCF_6_T_2H	JFCF6_P12	JFCF_6_T_2H	TP53	0	0	0	0	0	0	0	0	0	617	281	192	0	0	0	0	9	889	6480	6480	0	0	6480	6480	0	0
JFCF6_P12_JFCF_6_T_5K	JFCF6_P12	JFCF_6_T_5K	DAXX	0	0	0	0	0	0	0	0	0	0	0	0	0	0	0	0	0	0	0	0	0	0	0	0	0	0
JFCF6_P12_JFCF_6_T_5K	JFCF6_P12	JFCF_6_T_5K	ATRX	0	0	0	0	0	0	0	0	0	52	41	6	0	0	0	0	0	93	310	310	0	0	310	310	0	0
JFCF6_P12_JFCF_6_T_5K	JFCF6_P12	JFCF_6_T_5K	TERT	0	0	0	0	0	0	0	0	0	369	64	86	0	0	0	0	0	433	664	664	0	0	664	664	0	0
JFCF6_P12_JFCF_6_T_5K	JFCF6_P12	JFCF_6_T_5K	TP53	0	0	0	0	0	0	0	0	0	617	267	190	0	0	0	0	9	875	6480	6480	0	0	6480	6480	0	0
GM02063_GM847	GM02063	GM847	DAXX	0	0	0	0	0	0	0	0	0	0	0	0	0	0	0	0	0	0	0	0	0	0	0	0	0	0
GM02063_GM847	GM02063	GM847	ATRX	229	94	21	0	0	0	0	2	321	256	75	17	0	0	0	0	4	327	310	310	0	0	310	310	0	0
GM02063_GM847	GM02063	GM847	TERT	398	48	86	0	0	0	0	0	446	411	65	87	0	0	0	0	0	476	664	664	0	0	664	664	0	0
GM02063_GM847	GM02063	GM847	TP53	444	215	175	0	0	0	0	9	650	435	273	178	0	0	0	0	9	699	6480	6480	0	0	6480	6480	0	0
IIICF_E6E7_C4_pre_IIICF_E6E7_C4_post	IIICF_E6E7_C4_pre	IIICF_E6E7_C4_post	DAXX	0	0	0	0	0	0	0	0	0	0	0	0	0	0	0	0	0	0	0	0	0	0	0	0	0	0
IIICF_E6E7_C4_pre_IIICF_E6E7_C4_post	IIICF_E6E7_C4_pre	IIICF_E6E7_C4_post	ATRX	0	0	0	0	0	0	0	0	0	0	0	0	0	0	0	0	0	0	310	310	0	0	310	310	0	0
IIICF_E6E7_C4_pre_IIICF_E6E7_C4_post	IIICF_E6E7_C4_pre	IIICF_E6E7_C4_post	TERT	0	0	0	0	0	0	0	0	0	0	0	0	0	0	0	0	0	0	664	664	0	0	664	664	0	0
IIICF_E6E7_C4_pre_IIICF_E6E7_C4_post	IIICF_E6E7_C4_pre	IIICF_E6E7_C4_post	TP53	0	0	0	0	0	0	0	0	0	0	0	0	0	0	0	0	0	0	6480	6480	0	0	6480	6480	0	0
IIICF_IIICF_a2	IIICF	IIICF_a2	DAXX	0	0	0	0	0	0	0	0	0	0	0	0	0	0	0	0	0	0	0	0	0	0	0	0	0	0
IIICF_IIICF_a2	IIICF	IIICF_a2	ATRX	0	0	0	0	0	0	0	0	0	154	38	12	0	0	0	0	2	190	310	310	0	0	310	310	0	0
IIICF_IIICF_a2	IIICF	IIICF_a2	TERT	0	0	0	0	0	0	0	0	0	280	24	116	0	0	0	0	5	299	664	664	0	0	664	664	0	0
IIICF_IIICF_a2	IIICF	IIICF_a2	TP53	0	0	0	0	0	0	0	0	0	173	30	28	0	0	0	0	9	194	6480	6480	0	0	6480	6480	0	0
IIICF_IIICF_c	IIICF	IIICF_c	DAXX	0	0	0	0	0	0	0	0	0	0	0	0	0	0	0	0	0	0	0	0	0	0	0	0	0	0
IIICF_IIICF_c	IIICF	IIICF_c	ATRX	0	0	0	0	0	0	0	0	0	142	58	20	0	0	0	0	2	198	310	310	0	0	310	310	0	0
IIICF_IIICF_c	IIICF	IIICF_c	TERT	0	0	0	0	0	0	0	0	0	158	30	101	0	0	0	0	0	188	664	664	0	0	664	664	0	0
IIICF_IIICF_c	IIICF	IIICF_c	TP53	0	0	0	0	0	0	0	0	0	163	47	28	0	0	0	0	9	201	6480	6480	0	0	6480	6480	0	0
IIICF_IIICF_T_A6	IIICF	IIICF_T_A6	DAXX	0	0	0	0	0	0	0	0	0	0	0	0	0	0	0	0	0	0	0	0	0	0	0	0	0	0
IIICF_IIICF_T_A6	IIICF	IIICF_T_A6	ATRX	0	0	0	0	0	0	0	0	0	183	42	10	0	0	0	0	0	225	310	310	0	0	310	310	0	0
IIICF_IIICF_T_A6	IIICF	IIICF_T_A6	TERT	0	0	0	0	0	0	0	0	0	271	36	115	0	0	0	0	0	307	664	664	0	0	664	664	0	0
IIICF_IIICF_T_A6	IIICF	IIICF_T_A6	TP53	0	0	0	0	0	0	0	0	0	183	67	46	0	0	0	0	9	241	6480	6480	0	0	6480	6480	0	0
IVG_BF_LXSN_pre_IVG_BF_LXSN_post	IVG_BF_LXSN_pre	IVG_BF_LXSN_post	DAXX	0	0	0	0	0	0	0	0	0	0	0	0	0	0	0	0	0	0	0	0	0	0	0	0	0	0
IVG_BF_LXSN_pre_IVG_BF_LXSN_post	IVG_BF_LXSN_pre	IVG_BF_LXSN_post	ATRX	0	0	0	0	0	0	0	0	0	0	0	0	0	0	0	0	0	0	310	310	0	0	310	310	0	0
IVG_BF_LXSN_pre_IVG_BF_LXSN_post	IVG_BF_LXSN_pre	IVG_BF_LXSN_post	TERT	0	0	0	0	0	0	0	0	0	0	0	0	0	0	0	0	0	0	664	664	0	0	664	664	0	0
IVG_BF_LXSN_pre_IVG_BF_LXSN_post	IVG_BF_LXSN_pre	IVG_BF_LXSN_post	TP53	0	0	0	0	0	0	0	0	0	0	0	0	0	0	0	0	0	0	6480	6480	0	0	6480	6480	0	0
JFCF6_P12_JFCF_6_T_1_M	JFCF6_P12	JFCF_6_T_1_M	DAXX	0	0	0	0	0	0	0	0	0	0	0	0	0	0	0	0	0	0	0	0	0	0	0	0	0	0
JFCF6_P12_JFCF_6_T_1_M	JFCF6_P12	JFCF_6_T_1_M	ATRX	0	0	0	0	0	0	0	0	0	0	0	0	0	0	0	0	0	0	310	310	0	0	310	310	0	0
JFCF6_P12_JFCF_6_T_1_M	JFCF6_P12	JFCF_6_T_1_M	TERT	0	0	0	0	0	0	0	0	0	0	0	0	0	0	0	0	0	0	664	664	0	0	664	664	0	0
JFCF6_P12_JFCF_6_T_1_M	JFCF6_P12	JFCF_6_T_1_M	TP53	0	0	0	0	0	0	0	0	0	0	0	0	0	0	0	0	0	0	6480	6480	0	0	6480	6480	0	0
JFCF6_P12_JFCF_6_P_pLKO_5	JFCF6_P12	JFCF_6_P_pLKO_5	DAXX	0	0	0	0	0	0	0	0	0	0	0	0	0	0	0	0	0	0	0	0	0	0	0	0	0	0
JFCF6_P12_JFCF_6_P_pLKO_5	JFCF6_P12	JFCF_6_P_pLKO_5	ATRX	0	0	0	0	0	0	0	0	0	80	34	3	0	0	0	2	0	112	310	310	0	0	310	310	0	0
JFCF6_P12_JFCF_6_P_pLKO_5	JFCF6_P12	JFCF_6_P_pLKO_5	TERT	0	0	0	0	0	0	0	0	0	411	101	86	0	0	0	0	0	512	664	664	0	0	664	664	0	0
JFCF6_P12_JFCF_6_P_pLKO_5	JFCF6_P12	JFCF_6_P_pLKO_5	TP53	0	0	0	0	0	0	0	0	0	626	247	192	0	0	0	0	9	864	6480	6480	0	0	6480	6480	0	0
JFCF6_P12_JFCF_6_T_1_Q	JFCF6_P12	JFCF_6_T_1_Q	DAXX	0	0	0	0	0	0	0	0	0	0	0	0	0	0	0	0	0	0	0	0	0	0	0	0	0	0
JFCF6_P12_JFCF_6_T_1_Q	JFCF6_P12	JFCF_6_T_1_Q	ATRX	0	0	0	0	0	0	0	0	0	0	0	0	0	0	0	0	0	0	310	310	0	0	310	310	0	0
JFCF6_P12_JFCF_6_T_1_Q	JFCF6_P12	JFCF_6_T_1_Q	TERT	0	0	0	0	0	0	0	0	0	0	0	0	0	0	0	0	0	0	664	664	0	0	664	664	0	0
JFCF6_P12_JFCF_6_T_1_Q	JFCF6_P12	JFCF_6_T_1_Q	TP53	0	0	0	0	0	0	0	0	0	0	0	0	0	0	0	0	0	0	6480	6480	0	0	6480	6480	0	0
JFCF6_P12_JFCF_6_T_1J_1_3C	JFCF6_P12	JFCF_6_T_1J_1_3C	DAXX	0	0	0	0	0	0	0	0	0	0	0	0	0	0	0	0	0	0	0	0	0	0	0	0	0	0
JFCF6_P12_JFCF_6_T_1J_1_3C	JFCF6_P12	JFCF_6_T_1J_1_3C	ATRX	0	0	0	0	0	0	0	0	0	0	0	0	0	0	0	0	0	0	310	310	0	0	310	310	0	0
JFCF6_P12_JFCF_6_T_1J_1_3C	JFCF6_P12	JFCF_6_T_1J_1_3C	TERT	0	0	0	0	0	0	0	0	0	0	0	0	0	0	0	0	0	0	664	664	0	0	664	664	0	0
JFCF6_P12_JFCF_6_T_1J_1_3C	JFCF6_P12	JFCF_6_T_1J_1_3C	TP53	0	0	0	0	0	0	0	0	0	0	0	0	0	0	0	0	0	0	6480	6480	0	0	6480	6480	0	0
JFCF6_P12_JFCF_6_T_1J_6B	JFCF6_P12	JFCF_6_T_1J_6B	DAXX	0	0	0	0	0	0	0	0	0	0	0	0	0	0	0	0	0	0	0	0	0	0	0	0	0	0
JFCF6_P12_JFCF_6_T_1J_6B	JFCF6_P12	JFCF_6_T_1J_6B	ATRX	0	0	0	0	0	0	0	0	0	0	0	0	0	0	0	0	0	0	310	310	0	0	310	310	0	0
JFCF6_P12_JFCF_6_T_1J_6B	JFCF6_P12	JFCF_6_T_1J_6B	TERT	0	0	0	0	0	0	0	0	0	0	0	0	0	0	0	0	0	0	664	664	0	0	664	664	0	0
JFCF6_P12_JFCF_6_T_1J_6B	JFCF6_P12	JFCF_6_T_1J_6B	TP53	0	0	0	0	0	0	0	0	0	0	0	0	0	0	0	0	0	0	6480	6480	0	0	6480	6480	0	0
LFS_05F_24_pre_LFS_05F_24_post	LFS_05F_24_pre	LFS_05F_24_post	DAXX	0	0	0	0	0	0	0	0	0	0	0	0	0	0	0	0	0	0	0	0	0	0	0	0	0	0
LFS_05F_24_pre_LFS_05F_24_post	LFS_05F_24_pre	LFS_05F_24_post	ATRX	0	0	0	0	0	0	0	0	0	0	0	0	0	0	0	0	0	0	310	310	0	0	310	310	0	0
LFS_05F_24_pre_LFS_05F_24_post	LFS_05F_24_pre	LFS_05F_24_post	TERT	0	0	0	0	0	0	0	0	0	0	0	0	0	0	0	0	0	0	664	664	0	0	664	664	0	0
LFS_05F_24_pre_LFS_05F_24_post	LFS_05F_24_pre	LFS_05F_24_post	TP53	0	0	0	0	0	0	0	0	0	0	0	0	0	0	0	0	0	0	6480	6480	0	0	6480	6480	0	0
MeT_4A_pre_MeT_4A_post	MeT_4A_pre	MeT_4A_post	DAXX	0	0	0	0	0	0	0	0	0	0	0	0	0	0	0	0	0	0	0	0	0	0	0	0	0	0
MeT_4A_pre_MeT_4A_post	MeT_4A_pre	MeT_4A_post	ATRX	0	0	0	0	0	0	0	0	0	0	0	0	0	0	0	0	0	0	310	310	0	0	310	310	0	0
MeT_4A_pre_MeT_4A_post	MeT_4A_pre	MeT_4A_post	TERT	0	0	0	0	0	0	0	0	0	0	0	0	0	0	0	0	0	0	664	664	0	0	664	664	0	0
MeT_4A_pre_MeT_4A_post	MeT_4A_pre	MeT_4A_post	TP53	0	0	0	0	0	0	0	0	0	0	0	0	0	0	0	0	0	0	6480	6480	0	0	6480	6480	0	0
WI38_VA13	WI38	VA13	DAXX	0	0	0	0	0	0	0	0	0	0	0	0	0	0	0	0	0	0	0	0	0	0	0	0	0	0
WI38_VA13	WI38	VA13	ATRX	248	82	13	0	0	0	0	2	328	258	64	32	0	0	0	0	2	320	310	310	0	0	310	310	0	0
WI38_VA13	WI38	VA13	TERT	369	60	125	0	0	0	0	0	429	327	36	109	0	0	0	0	0	363	664	664	0	0	664	664	0	0
WI38_VA13	WI38	VA13	TP53	208	91	41	0	0	0	0	9	290	207	56	30	0	0	0	0	9	254	6480	6480	0	0	6480	6480	0	0
